
Loading design for application trce from file Raw10toParallel_impl1.ncd.
Design name: RAW10toParallel
NCD version: 3.3
Vendor:      LATTICE
Device:      LFE5UM-85F
Package:     CABGA756
Performance: 8
Loading device for application trce from file 'sa5p85m.nph' in environment: /usr/local/diamond/3.12/ispfpga.
Package Status:                     Final          Version 1.43.
Performance Hardware Data Status:   Final          Version 55.1.
Setup and Hold Report

--------------------------------------------------------------------------------
Lattice TRACE Report - Setup, Version Diamond (64-bit) 3.12.1.454
Tue Jun  2 17:31:07 2026

Copyright (c) 1991-1994 by NeoCAD Inc. All rights reserved.
Copyright (c) 1995 AT&T Corp.   All rights reserved.
Copyright (c) 1995-2001 Lucent Technologies Inc.  All rights reserved.
Copyright (c) 2001 Agere Systems   All rights reserved.
Copyright (c) 2002-2020 Lattice Semiconductor Corporation,  All rights reserved.

Report Information
------------------
Command line:    trce -v 10 -gt -sethld -sp 8 -sphld m -o Raw10toParallel_impl1.twr Raw10toParallel_impl1.ncd Raw10toParallel_impl1.prf 
Design file:     Raw10toParallel_impl1.ncd
Preference file: Raw10toParallel_impl1.prf
Device,speed:    LFE5UM-85F,8
Report level:    verbose report, limited to 10 items per preference
--------------------------------------------------------------------------------

90 potential circuit loops found in timing analysis.
BLOCK ASYNCPATHS
BLOCK RESETPATHS
BLOCK JTAG PATHS
--------------------------------------------------------------------------------



================================================================================
Preference: FREQUENCY PORT "CSI2_sens_clk" 148.500000 MHz ;
            4096 items scored, 0 timing errors detected.
--------------------------------------------------------------------------------


Passed: The following path meets requirements by 0.484ns

 Logical Details:  Cell type  Pin type       Cell/ASIC name  (clock net +/-)

   Source:         FF         Q              text_overlay_inst/glyph_y_r1[1]  (from CSI2_sens_clk_c +)
   Destination:    FF         Data in        text_overlay_inst/g_out[6]  (to CSI2_sens_clk_c +)

   Delay:               6.460ns  (25.6% logic, 74.4% route), 8 logic levels.

 Constraint Details:

      6.460ns physical path delay text_overlay_inst/SLICE_8115 to text_overlay_inst/SLICE_8038 meets
      6.734ns delay constraint less
      0.000ns skew and
     -0.210ns DIN_SET requirement (totaling 6.944ns) by 0.484ns

 Physical Path Details:

      Data path text_overlay_inst/SLICE_8115 to text_overlay_inst/SLICE_8038:

   Name    Fanout   Delay (ns)          Site               Resource
REG_DEL     ---     0.393    R62C95D.CLK to     R62C95D.Q1 text_overlay_inst/SLICE_8115 (from CSI2_sens_clk_c)
ROUTE        20     0.647     R62C95D.Q1 to     R60C95B.A1 text_overlay_inst/glyph_y_r1[1]
CTOF_DEL    ---     0.180     R60C95B.A1 to     R60C95B.F1 text_overlay_inst/SLICE_14817
ROUTE         1     0.747     R60C95B.F1 to     R62C96B.B1 text_overlay_inst/N_2511_tz
CTOF_DEL    ---     0.180     R62C96B.B1 to     R62C96B.F1 text_overlay_inst/SLICE_11515
ROUTE         1     0.748     R62C96B.F1 to     R60C94D.A0 text_overlay_inst/glyph_row_0_1[3]
CTOF_DEL    ---     0.180     R60C94D.A0 to     R60C94D.F0 text_overlay_inst/SLICE_11289
ROUTE         1     0.543     R60C94D.F0 to     R60C94D.A1 text_overlay_inst/glyph_bits_pmux_1_1
CTOF_DEL    ---     0.180     R60C94D.A1 to     R60C94D.F1 text_overlay_inst/SLICE_11289
ROUTE         2     0.590     R60C94D.F1 to     R60C96A.A1 text_overlay_inst/N_154
CTOF_DEL    ---     0.180     R60C96A.A1 to     R60C96A.F1 text_overlay_inst/SLICE_15095
ROUTE         1     0.747     R60C96A.F1 to     R61C95A.B0 text_overlay_inst/m50_0_1_0
CTOF_DEL    ---     0.180     R61C95A.B0 to     R61C95A.F0 text_overlay_inst/SLICE_11288
ROUTE        12     0.785     R61C95A.F0 to     R62C95A.A0 text_overlay_inst/N_299
CTOF_DEL    ---     0.180     R62C95A.A0 to     R62C95A.F0 text_overlay_inst/SLICE_8038
ROUTE         1     0.000     R62C95A.F0 to    R62C95A.DI0 text_overlay_inst/N_305_i (to CSI2_sens_clk_c)
                  --------
                    6.460   (25.6% logic, 74.4% route), 8 logic levels.

 Clock Skew Details: 

      Source Clock Path CSI2_sens_clk to text_overlay_inst/SLICE_8115:

   Name    Fanout   Delay (ns)          Site               Resource
ROUTE       723     2.249      P27.PADDI to    R62C95D.CLK CSI2_sens_clk_c
                  --------
                    2.249   (0.0% logic, 100.0% route), 0 logic levels.

      Destination Clock Path CSI2_sens_clk to text_overlay_inst/SLICE_8038:

   Name    Fanout   Delay (ns)          Site               Resource
ROUTE       723     2.249      P27.PADDI to    R62C95A.CLK CSI2_sens_clk_c
                  --------
                    2.249   (0.0% logic, 100.0% route), 0 logic levels.


Passed: The following path meets requirements by 0.485ns

 Logical Details:  Cell type  Pin type       Cell/ASIC name  (clock net +/-)

   Source:         FF         Q              text_overlay_inst/glyph_y_r1[1]  (from CSI2_sens_clk_c +)
   Destination:    FF         Data in        text_overlay_inst/g_out[5]  (to CSI2_sens_clk_c +)

   Delay:               6.459ns  (25.6% logic, 74.4% route), 8 logic levels.

 Constraint Details:

      6.459ns physical path delay text_overlay_inst/SLICE_8115 to text_overlay_inst/SLICE_8037 meets
      6.734ns delay constraint less
      0.000ns skew and
     -0.210ns DIN_SET requirement (totaling 6.944ns) by 0.485ns

 Physical Path Details:

      Data path text_overlay_inst/SLICE_8115 to text_overlay_inst/SLICE_8037:

   Name    Fanout   Delay (ns)          Site               Resource
REG_DEL     ---     0.393    R62C95D.CLK to     R62C95D.Q1 text_overlay_inst/SLICE_8115 (from CSI2_sens_clk_c)
ROUTE        20     0.647     R62C95D.Q1 to     R60C95B.A1 text_overlay_inst/glyph_y_r1[1]
CTOF_DEL    ---     0.180     R60C95B.A1 to     R60C95B.F1 text_overlay_inst/SLICE_14817
ROUTE         1     0.747     R60C95B.F1 to     R62C96B.B1 text_overlay_inst/N_2511_tz
CTOF_DEL    ---     0.180     R62C96B.B1 to     R62C96B.F1 text_overlay_inst/SLICE_11515
ROUTE         1     0.748     R62C96B.F1 to     R60C94D.A0 text_overlay_inst/glyph_row_0_1[3]
CTOF_DEL    ---     0.180     R60C94D.A0 to     R60C94D.F0 text_overlay_inst/SLICE_11289
ROUTE         1     0.543     R60C94D.F0 to     R60C94D.A1 text_overlay_inst/glyph_bits_pmux_1_1
CTOF_DEL    ---     0.180     R60C94D.A1 to     R60C94D.F1 text_overlay_inst/SLICE_11289
ROUTE         2     0.590     R60C94D.F1 to     R60C96A.A1 text_overlay_inst/N_154
CTOF_DEL    ---     0.180     R60C96A.A1 to     R60C96A.F1 text_overlay_inst/SLICE_15095
ROUTE         1     0.747     R60C96A.F1 to     R61C95A.B0 text_overlay_inst/m50_0_1_0
CTOF_DEL    ---     0.180     R61C95A.B0 to     R61C95A.F0 text_overlay_inst/SLICE_11288
ROUTE        12     0.784     R61C95A.F0 to     R63C95B.B1 text_overlay_inst/N_299
CTOF_DEL    ---     0.180     R63C95B.B1 to     R63C95B.F1 text_overlay_inst/SLICE_8037
ROUTE         1     0.000     R63C95B.F1 to    R63C95B.DI1 text_overlay_inst/N_306_i (to CSI2_sens_clk_c)
                  --------
                    6.459   (25.6% logic, 74.4% route), 8 logic levels.

 Clock Skew Details: 

      Source Clock Path CSI2_sens_clk to text_overlay_inst/SLICE_8115:

   Name    Fanout   Delay (ns)          Site               Resource
ROUTE       723     2.249      P27.PADDI to    R62C95D.CLK CSI2_sens_clk_c
                  --------
                    2.249   (0.0% logic, 100.0% route), 0 logic levels.

      Destination Clock Path CSI2_sens_clk to text_overlay_inst/SLICE_8037:

   Name    Fanout   Delay (ns)          Site               Resource
ROUTE       723     2.249      P27.PADDI to    R63C95B.CLK CSI2_sens_clk_c
                  --------
                    2.249   (0.0% logic, 100.0% route), 0 logic levels.


Passed: The following path meets requirements by 0.485ns

 Logical Details:  Cell type  Pin type       Cell/ASIC name  (clock net +/-)

   Source:         FF         Q              text_overlay_inst/glyph_y_r1[1]  (from CSI2_sens_clk_c +)
   Destination:    FF         Data in        text_overlay_inst/g_out[4]  (to CSI2_sens_clk_c +)

   Delay:               6.459ns  (25.6% logic, 74.4% route), 8 logic levels.

 Constraint Details:

      6.459ns physical path delay text_overlay_inst/SLICE_8115 to text_overlay_inst/SLICE_8037 meets
      6.734ns delay constraint less
      0.000ns skew and
     -0.210ns DIN_SET requirement (totaling 6.944ns) by 0.485ns

 Physical Path Details:

      Data path text_overlay_inst/SLICE_8115 to text_overlay_inst/SLICE_8037:

   Name    Fanout   Delay (ns)          Site               Resource
REG_DEL     ---     0.393    R62C95D.CLK to     R62C95D.Q1 text_overlay_inst/SLICE_8115 (from CSI2_sens_clk_c)
ROUTE        20     0.647     R62C95D.Q1 to     R60C95B.A1 text_overlay_inst/glyph_y_r1[1]
CTOF_DEL    ---     0.180     R60C95B.A1 to     R60C95B.F1 text_overlay_inst/SLICE_14817
ROUTE         1     0.747     R60C95B.F1 to     R62C96B.B1 text_overlay_inst/N_2511_tz
CTOF_DEL    ---     0.180     R62C96B.B1 to     R62C96B.F1 text_overlay_inst/SLICE_11515
ROUTE         1     0.748     R62C96B.F1 to     R60C94D.A0 text_overlay_inst/glyph_row_0_1[3]
CTOF_DEL    ---     0.180     R60C94D.A0 to     R60C94D.F0 text_overlay_inst/SLICE_11289
ROUTE         1     0.543     R60C94D.F0 to     R60C94D.A1 text_overlay_inst/glyph_bits_pmux_1_1
CTOF_DEL    ---     0.180     R60C94D.A1 to     R60C94D.F1 text_overlay_inst/SLICE_11289
ROUTE         2     0.590     R60C94D.F1 to     R60C96A.A1 text_overlay_inst/N_154
CTOF_DEL    ---     0.180     R60C96A.A1 to     R60C96A.F1 text_overlay_inst/SLICE_15095
ROUTE         1     0.747     R60C96A.F1 to     R61C95A.B0 text_overlay_inst/m50_0_1_0
CTOF_DEL    ---     0.180     R61C95A.B0 to     R61C95A.F0 text_overlay_inst/SLICE_11288
ROUTE        12     0.784     R61C95A.F0 to     R63C95B.B0 text_overlay_inst/N_299
CTOF_DEL    ---     0.180     R63C95B.B0 to     R63C95B.F0 text_overlay_inst/SLICE_8037
ROUTE         1     0.000     R63C95B.F0 to    R63C95B.DI0 text_overlay_inst/N_307_i (to CSI2_sens_clk_c)
                  --------
                    6.459   (25.6% logic, 74.4% route), 8 logic levels.

 Clock Skew Details: 

      Source Clock Path CSI2_sens_clk to text_overlay_inst/SLICE_8115:

   Name    Fanout   Delay (ns)          Site               Resource
ROUTE       723     2.249      P27.PADDI to    R62C95D.CLK CSI2_sens_clk_c
                  --------
                    2.249   (0.0% logic, 100.0% route), 0 logic levels.

      Destination Clock Path CSI2_sens_clk to text_overlay_inst/SLICE_8037:

   Name    Fanout   Delay (ns)          Site               Resource
ROUTE       723     2.249      P27.PADDI to    R63C95B.CLK CSI2_sens_clk_c
                  --------
                    2.249   (0.0% logic, 100.0% route), 0 logic levels.


Passed: The following path meets requirements by 0.528ns

 Logical Details:  Cell type  Pin type       Cell/ASIC name  (clock net +/-)

   Source:         FF         Q              text_overlay_inst/glyph_y_r1[1]  (from CSI2_sens_clk_c +)
   Destination:    FF         Data in        text_overlay_inst/g_out[11]  (to CSI2_sens_clk_c +)

   Delay:               6.416ns  (25.8% logic, 74.2% route), 8 logic levels.

 Constraint Details:

      6.416ns physical path delay text_overlay_inst/SLICE_8115 to text_overlay_inst/SLICE_8040 meets
      6.734ns delay constraint less
      0.000ns skew and
     -0.210ns DIN_SET requirement (totaling 6.944ns) by 0.528ns

 Physical Path Details:

      Data path text_overlay_inst/SLICE_8115 to text_overlay_inst/SLICE_8040:

   Name    Fanout   Delay (ns)          Site               Resource
REG_DEL     ---     0.393    R62C95D.CLK to     R62C95D.Q1 text_overlay_inst/SLICE_8115 (from CSI2_sens_clk_c)
ROUTE        20     0.647     R62C95D.Q1 to     R60C95B.A1 text_overlay_inst/glyph_y_r1[1]
CTOF_DEL    ---     0.180     R60C95B.A1 to     R60C95B.F1 text_overlay_inst/SLICE_14817
ROUTE         1     0.747     R60C95B.F1 to     R62C96B.B1 text_overlay_inst/N_2511_tz
CTOF_DEL    ---     0.180     R62C96B.B1 to     R62C96B.F1 text_overlay_inst/SLICE_11515
ROUTE         1     0.748     R62C96B.F1 to     R60C94D.A0 text_overlay_inst/glyph_row_0_1[3]
CTOF_DEL    ---     0.180     R60C94D.A0 to     R60C94D.F0 text_overlay_inst/SLICE_11289
ROUTE         1     0.543     R60C94D.F0 to     R60C94D.A1 text_overlay_inst/glyph_bits_pmux_1_1
CTOF_DEL    ---     0.180     R60C94D.A1 to     R60C94D.F1 text_overlay_inst/SLICE_11289
ROUTE         2     0.590     R60C94D.F1 to     R60C96A.A1 text_overlay_inst/N_154
CTOF_DEL    ---     0.180     R60C96A.A1 to     R60C96A.F1 text_overlay_inst/SLICE_15095
ROUTE         1     0.747     R60C96A.F1 to     R61C95A.B0 text_overlay_inst/m50_0_1_0
CTOF_DEL    ---     0.180     R61C95A.B0 to     R61C95A.F0 text_overlay_inst/SLICE_11288
ROUTE        12     0.741     R61C95A.F0 to     R59C95C.C1 text_overlay_inst/N_299
CTOF_DEL    ---     0.180     R59C95C.C1 to     R59C95C.F1 text_overlay_inst/SLICE_8040
ROUTE         1     0.000     R59C95C.F1 to    R59C95C.DI1 text_overlay_inst/N_300_i (to CSI2_sens_clk_c)
                  --------
                    6.416   (25.8% logic, 74.2% route), 8 logic levels.

 Clock Skew Details: 

      Source Clock Path CSI2_sens_clk to text_overlay_inst/SLICE_8115:

   Name    Fanout   Delay (ns)          Site               Resource
ROUTE       723     2.249      P27.PADDI to    R62C95D.CLK CSI2_sens_clk_c
                  --------
                    2.249   (0.0% logic, 100.0% route), 0 logic levels.

      Destination Clock Path CSI2_sens_clk to text_overlay_inst/SLICE_8040:

   Name    Fanout   Delay (ns)          Site               Resource
ROUTE       723     2.249      P27.PADDI to    R59C95C.CLK CSI2_sens_clk_c
                  --------
                    2.249   (0.0% logic, 100.0% route), 0 logic levels.


Passed: The following path meets requirements by 0.528ns

 Logical Details:  Cell type  Pin type       Cell/ASIC name  (clock net +/-)

   Source:         FF         Q              text_overlay_inst/glyph_y_r1[1]  (from CSI2_sens_clk_c +)
   Destination:    FF         Data in        text_overlay_inst/g_out[10]  (to CSI2_sens_clk_c +)

   Delay:               6.416ns  (25.8% logic, 74.2% route), 8 logic levels.

 Constraint Details:

      6.416ns physical path delay text_overlay_inst/SLICE_8115 to text_overlay_inst/SLICE_8040 meets
      6.734ns delay constraint less
      0.000ns skew and
     -0.210ns DIN_SET requirement (totaling 6.944ns) by 0.528ns

 Physical Path Details:

      Data path text_overlay_inst/SLICE_8115 to text_overlay_inst/SLICE_8040:

   Name    Fanout   Delay (ns)          Site               Resource
REG_DEL     ---     0.393    R62C95D.CLK to     R62C95D.Q1 text_overlay_inst/SLICE_8115 (from CSI2_sens_clk_c)
ROUTE        20     0.647     R62C95D.Q1 to     R60C95B.A1 text_overlay_inst/glyph_y_r1[1]
CTOF_DEL    ---     0.180     R60C95B.A1 to     R60C95B.F1 text_overlay_inst/SLICE_14817
ROUTE         1     0.747     R60C95B.F1 to     R62C96B.B1 text_overlay_inst/N_2511_tz
CTOF_DEL    ---     0.180     R62C96B.B1 to     R62C96B.F1 text_overlay_inst/SLICE_11515
ROUTE         1     0.748     R62C96B.F1 to     R60C94D.A0 text_overlay_inst/glyph_row_0_1[3]
CTOF_DEL    ---     0.180     R60C94D.A0 to     R60C94D.F0 text_overlay_inst/SLICE_11289
ROUTE         1     0.543     R60C94D.F0 to     R60C94D.A1 text_overlay_inst/glyph_bits_pmux_1_1
CTOF_DEL    ---     0.180     R60C94D.A1 to     R60C94D.F1 text_overlay_inst/SLICE_11289
ROUTE         2     0.590     R60C94D.F1 to     R60C96A.A1 text_overlay_inst/N_154
CTOF_DEL    ---     0.180     R60C96A.A1 to     R60C96A.F1 text_overlay_inst/SLICE_15095
ROUTE         1     0.747     R60C96A.F1 to     R61C95A.B0 text_overlay_inst/m50_0_1_0
CTOF_DEL    ---     0.180     R61C95A.B0 to     R61C95A.F0 text_overlay_inst/SLICE_11288
ROUTE        12     0.741     R61C95A.F0 to     R59C95C.C0 text_overlay_inst/N_299
CTOF_DEL    ---     0.180     R59C95C.C0 to     R59C95C.F0 text_overlay_inst/SLICE_8040
ROUTE         1     0.000     R59C95C.F0 to    R59C95C.DI0 text_overlay_inst/N_301_i (to CSI2_sens_clk_c)
                  --------
                    6.416   (25.8% logic, 74.2% route), 8 logic levels.

 Clock Skew Details: 

      Source Clock Path CSI2_sens_clk to text_overlay_inst/SLICE_8115:

   Name    Fanout   Delay (ns)          Site               Resource
ROUTE       723     2.249      P27.PADDI to    R62C95D.CLK CSI2_sens_clk_c
                  --------
                    2.249   (0.0% logic, 100.0% route), 0 logic levels.

      Destination Clock Path CSI2_sens_clk to text_overlay_inst/SLICE_8040:

   Name    Fanout   Delay (ns)          Site               Resource
ROUTE       723     2.249      P27.PADDI to    R59C95C.CLK CSI2_sens_clk_c
                  --------
                    2.249   (0.0% logic, 100.0% route), 0 logic levels.


Passed: The following path meets requirements by 0.549ns

 Logical Details:  Cell type  Pin type       Cell/ASIC name  (clock net +/-)

   Source:         FF         Q              text_overlay_inst/glyph_char_r1[3]  (from CSI2_sens_clk_c +)
   Destination:    FF         Data in        text_overlay_inst/g_out[6]  (to CSI2_sens_clk_c +)

   Delay:               6.395ns  (28.7% logic, 71.3% route), 9 logic levels.

 Constraint Details:

      6.395ns physical path delay text_overlay_inst/SLICE_8111 to text_overlay_inst/SLICE_8038 meets
      6.734ns delay constraint less
      0.000ns skew and
     -0.210ns DIN_SET requirement (totaling 6.944ns) by 0.549ns

 Physical Path Details:

      Data path text_overlay_inst/SLICE_8111 to text_overlay_inst/SLICE_8038:

   Name    Fanout   Delay (ns)          Site               Resource
REG_DEL     ---     0.393    R61C97B.CLK to     R61C97B.Q1 text_overlay_inst/SLICE_8111 (from CSI2_sens_clk_c)
ROUTE        13     0.665     R61C97B.Q1 to     R61C96C.A1 text_overlay_inst/glyph_char_r1[3]
CTOF_DEL    ---     0.180     R61C96C.A1 to     R61C96C.F1 text_overlay_inst/SLICE_11498
ROUTE         3     0.344     R61C96C.F1 to     R62C96B.D0 text_overlay_inst/N_98
CTOF_DEL    ---     0.180     R62C96B.D0 to     R62C96B.F0 text_overlay_inst/SLICE_11515
ROUTE         1     0.140     R62C96B.F0 to     R62C96B.D1 text_overlay_inst/glyph_row_0_0[3]
CTOF_DEL    ---     0.180     R62C96B.D1 to     R62C96B.F1 text_overlay_inst/SLICE_11515
ROUTE         1     0.748     R62C96B.F1 to     R60C94D.A0 text_overlay_inst/glyph_row_0_1[3]
CTOF_DEL    ---     0.180     R60C94D.A0 to     R60C94D.F0 text_overlay_inst/SLICE_11289
ROUTE         1     0.543     R60C94D.F0 to     R60C94D.A1 text_overlay_inst/glyph_bits_pmux_1_1
CTOF_DEL    ---     0.180     R60C94D.A1 to     R60C94D.F1 text_overlay_inst/SLICE_11289
ROUTE         2     0.590     R60C94D.F1 to     R60C96A.A1 text_overlay_inst/N_154
CTOF_DEL    ---     0.180     R60C96A.A1 to     R60C96A.F1 text_overlay_inst/SLICE_15095
ROUTE         1     0.747     R60C96A.F1 to     R61C95A.B0 text_overlay_inst/m50_0_1_0
CTOF_DEL    ---     0.180     R61C95A.B0 to     R61C95A.F0 text_overlay_inst/SLICE_11288
ROUTE        12     0.785     R61C95A.F0 to     R62C95A.A0 text_overlay_inst/N_299
CTOF_DEL    ---     0.180     R62C95A.A0 to     R62C95A.F0 text_overlay_inst/SLICE_8038
ROUTE         1     0.000     R62C95A.F0 to    R62C95A.DI0 text_overlay_inst/N_305_i (to CSI2_sens_clk_c)
                  --------
                    6.395   (28.7% logic, 71.3% route), 9 logic levels.

 Clock Skew Details: 

      Source Clock Path CSI2_sens_clk to text_overlay_inst/SLICE_8111:

   Name    Fanout   Delay (ns)          Site               Resource
ROUTE       723     2.249      P27.PADDI to    R61C97B.CLK CSI2_sens_clk_c
                  --------
                    2.249   (0.0% logic, 100.0% route), 0 logic levels.

      Destination Clock Path CSI2_sens_clk to text_overlay_inst/SLICE_8038:

   Name    Fanout   Delay (ns)          Site               Resource
ROUTE       723     2.249      P27.PADDI to    R62C95A.CLK CSI2_sens_clk_c
                  --------
                    2.249   (0.0% logic, 100.0% route), 0 logic levels.


Passed: The following path meets requirements by 0.550ns

 Logical Details:  Cell type  Pin type       Cell/ASIC name  (clock net +/-)

   Source:         FF         Q              text_overlay_inst/glyph_char_r1[3]  (from CSI2_sens_clk_c +)
   Destination:    FF         Data in        text_overlay_inst/g_out[4]  (to CSI2_sens_clk_c +)

   Delay:               6.394ns  (28.7% logic, 71.3% route), 9 logic levels.

 Constraint Details:

      6.394ns physical path delay text_overlay_inst/SLICE_8111 to text_overlay_inst/SLICE_8037 meets
      6.734ns delay constraint less
      0.000ns skew and
     -0.210ns DIN_SET requirement (totaling 6.944ns) by 0.550ns

 Physical Path Details:

      Data path text_overlay_inst/SLICE_8111 to text_overlay_inst/SLICE_8037:

   Name    Fanout   Delay (ns)          Site               Resource
REG_DEL     ---     0.393    R61C97B.CLK to     R61C97B.Q1 text_overlay_inst/SLICE_8111 (from CSI2_sens_clk_c)
ROUTE        13     0.665     R61C97B.Q1 to     R61C96C.A1 text_overlay_inst/glyph_char_r1[3]
CTOF_DEL    ---     0.180     R61C96C.A1 to     R61C96C.F1 text_overlay_inst/SLICE_11498
ROUTE         3     0.344     R61C96C.F1 to     R62C96B.D0 text_overlay_inst/N_98
CTOF_DEL    ---     0.180     R62C96B.D0 to     R62C96B.F0 text_overlay_inst/SLICE_11515
ROUTE         1     0.140     R62C96B.F0 to     R62C96B.D1 text_overlay_inst/glyph_row_0_0[3]
CTOF_DEL    ---     0.180     R62C96B.D1 to     R62C96B.F1 text_overlay_inst/SLICE_11515
ROUTE         1     0.748     R62C96B.F1 to     R60C94D.A0 text_overlay_inst/glyph_row_0_1[3]
CTOF_DEL    ---     0.180     R60C94D.A0 to     R60C94D.F0 text_overlay_inst/SLICE_11289
ROUTE         1     0.543     R60C94D.F0 to     R60C94D.A1 text_overlay_inst/glyph_bits_pmux_1_1
CTOF_DEL    ---     0.180     R60C94D.A1 to     R60C94D.F1 text_overlay_inst/SLICE_11289
ROUTE         2     0.590     R60C94D.F1 to     R60C96A.A1 text_overlay_inst/N_154
CTOF_DEL    ---     0.180     R60C96A.A1 to     R60C96A.F1 text_overlay_inst/SLICE_15095
ROUTE         1     0.747     R60C96A.F1 to     R61C95A.B0 text_overlay_inst/m50_0_1_0
CTOF_DEL    ---     0.180     R61C95A.B0 to     R61C95A.F0 text_overlay_inst/SLICE_11288
ROUTE        12     0.784     R61C95A.F0 to     R63C95B.B0 text_overlay_inst/N_299
CTOF_DEL    ---     0.180     R63C95B.B0 to     R63C95B.F0 text_overlay_inst/SLICE_8037
ROUTE         1     0.000     R63C95B.F0 to    R63C95B.DI0 text_overlay_inst/N_307_i (to CSI2_sens_clk_c)
                  --------
                    6.394   (28.7% logic, 71.3% route), 9 logic levels.

 Clock Skew Details: 

      Source Clock Path CSI2_sens_clk to text_overlay_inst/SLICE_8111:

   Name    Fanout   Delay (ns)          Site               Resource
ROUTE       723     2.249      P27.PADDI to    R61C97B.CLK CSI2_sens_clk_c
                  --------
                    2.249   (0.0% logic, 100.0% route), 0 logic levels.

      Destination Clock Path CSI2_sens_clk to text_overlay_inst/SLICE_8037:

   Name    Fanout   Delay (ns)          Site               Resource
ROUTE       723     2.249      P27.PADDI to    R63C95B.CLK CSI2_sens_clk_c
                  --------
                    2.249   (0.0% logic, 100.0% route), 0 logic levels.


Passed: The following path meets requirements by 0.550ns

 Logical Details:  Cell type  Pin type       Cell/ASIC name  (clock net +/-)

   Source:         FF         Q              text_overlay_inst/glyph_char_r1[3]  (from CSI2_sens_clk_c +)
   Destination:    FF         Data in        text_overlay_inst/g_out[5]  (to CSI2_sens_clk_c +)

   Delay:               6.394ns  (28.7% logic, 71.3% route), 9 logic levels.

 Constraint Details:

      6.394ns physical path delay text_overlay_inst/SLICE_8111 to text_overlay_inst/SLICE_8037 meets
      6.734ns delay constraint less
      0.000ns skew and
     -0.210ns DIN_SET requirement (totaling 6.944ns) by 0.550ns

 Physical Path Details:

      Data path text_overlay_inst/SLICE_8111 to text_overlay_inst/SLICE_8037:

   Name    Fanout   Delay (ns)          Site               Resource
REG_DEL     ---     0.393    R61C97B.CLK to     R61C97B.Q1 text_overlay_inst/SLICE_8111 (from CSI2_sens_clk_c)
ROUTE        13     0.665     R61C97B.Q1 to     R61C96C.A1 text_overlay_inst/glyph_char_r1[3]
CTOF_DEL    ---     0.180     R61C96C.A1 to     R61C96C.F1 text_overlay_inst/SLICE_11498
ROUTE         3     0.344     R61C96C.F1 to     R62C96B.D0 text_overlay_inst/N_98
CTOF_DEL    ---     0.180     R62C96B.D0 to     R62C96B.F0 text_overlay_inst/SLICE_11515
ROUTE         1     0.140     R62C96B.F0 to     R62C96B.D1 text_overlay_inst/glyph_row_0_0[3]
CTOF_DEL    ---     0.180     R62C96B.D1 to     R62C96B.F1 text_overlay_inst/SLICE_11515
ROUTE         1     0.748     R62C96B.F1 to     R60C94D.A0 text_overlay_inst/glyph_row_0_1[3]
CTOF_DEL    ---     0.180     R60C94D.A0 to     R60C94D.F0 text_overlay_inst/SLICE_11289
ROUTE         1     0.543     R60C94D.F0 to     R60C94D.A1 text_overlay_inst/glyph_bits_pmux_1_1
CTOF_DEL    ---     0.180     R60C94D.A1 to     R60C94D.F1 text_overlay_inst/SLICE_11289
ROUTE         2     0.590     R60C94D.F1 to     R60C96A.A1 text_overlay_inst/N_154
CTOF_DEL    ---     0.180     R60C96A.A1 to     R60C96A.F1 text_overlay_inst/SLICE_15095
ROUTE         1     0.747     R60C96A.F1 to     R61C95A.B0 text_overlay_inst/m50_0_1_0
CTOF_DEL    ---     0.180     R61C95A.B0 to     R61C95A.F0 text_overlay_inst/SLICE_11288
ROUTE        12     0.784     R61C95A.F0 to     R63C95B.B1 text_overlay_inst/N_299
CTOF_DEL    ---     0.180     R63C95B.B1 to     R63C95B.F1 text_overlay_inst/SLICE_8037
ROUTE         1     0.000     R63C95B.F1 to    R63C95B.DI1 text_overlay_inst/N_306_i (to CSI2_sens_clk_c)
                  --------
                    6.394   (28.7% logic, 71.3% route), 9 logic levels.

 Clock Skew Details: 

      Source Clock Path CSI2_sens_clk to text_overlay_inst/SLICE_8111:

   Name    Fanout   Delay (ns)          Site               Resource
ROUTE       723     2.249      P27.PADDI to    R61C97B.CLK CSI2_sens_clk_c
                  --------
                    2.249   (0.0% logic, 100.0% route), 0 logic levels.

      Destination Clock Path CSI2_sens_clk to text_overlay_inst/SLICE_8037:

   Name    Fanout   Delay (ns)          Site               Resource
ROUTE       723     2.249      P27.PADDI to    R63C95B.CLK CSI2_sens_clk_c
                  --------
                    2.249   (0.0% logic, 100.0% route), 0 logic levels.


Passed: The following path meets requirements by 0.593ns

 Logical Details:  Cell type  Pin type       Cell/ASIC name  (clock net +/-)

   Source:         FF         Q              text_overlay_inst/glyph_char_r1[3]  (from CSI2_sens_clk_c +)
   Destination:    FF         Data in        text_overlay_inst/g_out[10]  (to CSI2_sens_clk_c +)

   Delay:               6.351ns  (28.9% logic, 71.1% route), 9 logic levels.

 Constraint Details:

      6.351ns physical path delay text_overlay_inst/SLICE_8111 to text_overlay_inst/SLICE_8040 meets
      6.734ns delay constraint less
      0.000ns skew and
     -0.210ns DIN_SET requirement (totaling 6.944ns) by 0.593ns

 Physical Path Details:

      Data path text_overlay_inst/SLICE_8111 to text_overlay_inst/SLICE_8040:

   Name    Fanout   Delay (ns)          Site               Resource
REG_DEL     ---     0.393    R61C97B.CLK to     R61C97B.Q1 text_overlay_inst/SLICE_8111 (from CSI2_sens_clk_c)
ROUTE        13     0.665     R61C97B.Q1 to     R61C96C.A1 text_overlay_inst/glyph_char_r1[3]
CTOF_DEL    ---     0.180     R61C96C.A1 to     R61C96C.F1 text_overlay_inst/SLICE_11498
ROUTE         3     0.344     R61C96C.F1 to     R62C96B.D0 text_overlay_inst/N_98
CTOF_DEL    ---     0.180     R62C96B.D0 to     R62C96B.F0 text_overlay_inst/SLICE_11515
ROUTE         1     0.140     R62C96B.F0 to     R62C96B.D1 text_overlay_inst/glyph_row_0_0[3]
CTOF_DEL    ---     0.180     R62C96B.D1 to     R62C96B.F1 text_overlay_inst/SLICE_11515
ROUTE         1     0.748     R62C96B.F1 to     R60C94D.A0 text_overlay_inst/glyph_row_0_1[3]
CTOF_DEL    ---     0.180     R60C94D.A0 to     R60C94D.F0 text_overlay_inst/SLICE_11289
ROUTE         1     0.543     R60C94D.F0 to     R60C94D.A1 text_overlay_inst/glyph_bits_pmux_1_1
CTOF_DEL    ---     0.180     R60C94D.A1 to     R60C94D.F1 text_overlay_inst/SLICE_11289
ROUTE         2     0.590     R60C94D.F1 to     R60C96A.A1 text_overlay_inst/N_154
CTOF_DEL    ---     0.180     R60C96A.A1 to     R60C96A.F1 text_overlay_inst/SLICE_15095
ROUTE         1     0.747     R60C96A.F1 to     R61C95A.B0 text_overlay_inst/m50_0_1_0
CTOF_DEL    ---     0.180     R61C95A.B0 to     R61C95A.F0 text_overlay_inst/SLICE_11288
ROUTE        12     0.741     R61C95A.F0 to     R59C95C.C0 text_overlay_inst/N_299
CTOF_DEL    ---     0.180     R59C95C.C0 to     R59C95C.F0 text_overlay_inst/SLICE_8040
ROUTE         1     0.000     R59C95C.F0 to    R59C95C.DI0 text_overlay_inst/N_301_i (to CSI2_sens_clk_c)
                  --------
                    6.351   (28.9% logic, 71.1% route), 9 logic levels.

 Clock Skew Details: 

      Source Clock Path CSI2_sens_clk to text_overlay_inst/SLICE_8111:

   Name    Fanout   Delay (ns)          Site               Resource
ROUTE       723     2.249      P27.PADDI to    R61C97B.CLK CSI2_sens_clk_c
                  --------
                    2.249   (0.0% logic, 100.0% route), 0 logic levels.

      Destination Clock Path CSI2_sens_clk to text_overlay_inst/SLICE_8040:

   Name    Fanout   Delay (ns)          Site               Resource
ROUTE       723     2.249      P27.PADDI to    R59C95C.CLK CSI2_sens_clk_c
                  --------
                    2.249   (0.0% logic, 100.0% route), 0 logic levels.


Passed: The following path meets requirements by 0.593ns

 Logical Details:  Cell type  Pin type       Cell/ASIC name  (clock net +/-)

   Source:         FF         Q              text_overlay_inst/glyph_char_r1[3]  (from CSI2_sens_clk_c +)
   Destination:    FF         Data in        text_overlay_inst/g_out[11]  (to CSI2_sens_clk_c +)

   Delay:               6.351ns  (28.9% logic, 71.1% route), 9 logic levels.

 Constraint Details:

      6.351ns physical path delay text_overlay_inst/SLICE_8111 to text_overlay_inst/SLICE_8040 meets
      6.734ns delay constraint less
      0.000ns skew and
     -0.210ns DIN_SET requirement (totaling 6.944ns) by 0.593ns

 Physical Path Details:

      Data path text_overlay_inst/SLICE_8111 to text_overlay_inst/SLICE_8040:

   Name    Fanout   Delay (ns)          Site               Resource
REG_DEL     ---     0.393    R61C97B.CLK to     R61C97B.Q1 text_overlay_inst/SLICE_8111 (from CSI2_sens_clk_c)
ROUTE        13     0.665     R61C97B.Q1 to     R61C96C.A1 text_overlay_inst/glyph_char_r1[3]
CTOF_DEL    ---     0.180     R61C96C.A1 to     R61C96C.F1 text_overlay_inst/SLICE_11498
ROUTE         3     0.344     R61C96C.F1 to     R62C96B.D0 text_overlay_inst/N_98
CTOF_DEL    ---     0.180     R62C96B.D0 to     R62C96B.F0 text_overlay_inst/SLICE_11515
ROUTE         1     0.140     R62C96B.F0 to     R62C96B.D1 text_overlay_inst/glyph_row_0_0[3]
CTOF_DEL    ---     0.180     R62C96B.D1 to     R62C96B.F1 text_overlay_inst/SLICE_11515
ROUTE         1     0.748     R62C96B.F1 to     R60C94D.A0 text_overlay_inst/glyph_row_0_1[3]
CTOF_DEL    ---     0.180     R60C94D.A0 to     R60C94D.F0 text_overlay_inst/SLICE_11289
ROUTE         1     0.543     R60C94D.F0 to     R60C94D.A1 text_overlay_inst/glyph_bits_pmux_1_1
CTOF_DEL    ---     0.180     R60C94D.A1 to     R60C94D.F1 text_overlay_inst/SLICE_11289
ROUTE         2     0.590     R60C94D.F1 to     R60C96A.A1 text_overlay_inst/N_154
CTOF_DEL    ---     0.180     R60C96A.A1 to     R60C96A.F1 text_overlay_inst/SLICE_15095
ROUTE         1     0.747     R60C96A.F1 to     R61C95A.B0 text_overlay_inst/m50_0_1_0
CTOF_DEL    ---     0.180     R61C95A.B0 to     R61C95A.F0 text_overlay_inst/SLICE_11288
ROUTE        12     0.741     R61C95A.F0 to     R59C95C.C1 text_overlay_inst/N_299
CTOF_DEL    ---     0.180     R59C95C.C1 to     R59C95C.F1 text_overlay_inst/SLICE_8040
ROUTE         1     0.000     R59C95C.F1 to    R59C95C.DI1 text_overlay_inst/N_300_i (to CSI2_sens_clk_c)
                  --------
                    6.351   (28.9% logic, 71.1% route), 9 logic levels.

 Clock Skew Details: 

      Source Clock Path CSI2_sens_clk to text_overlay_inst/SLICE_8111:

   Name    Fanout   Delay (ns)          Site               Resource
ROUTE       723     2.249      P27.PADDI to    R61C97B.CLK CSI2_sens_clk_c
                  --------
                    2.249   (0.0% logic, 100.0% route), 0 logic levels.

      Destination Clock Path CSI2_sens_clk to text_overlay_inst/SLICE_8040:

   Name    Fanout   Delay (ns)          Site               Resource
ROUTE       723     2.249      P27.PADDI to    R59C95C.CLK CSI2_sens_clk_c
                  --------
                    2.249   (0.0% logic, 100.0% route), 0 logic levels.

Report:  160.000MHz is the maximum frequency for this preference.


================================================================================
Preference: FREQUENCY PORT "clk_i" 27.000000 MHz ;
            4096 items scored, 0 timing errors detected.
--------------------------------------------------------------------------------


Passed: The following path meets requirements by 8.982ns

 Logical Details:  Cell type  Pin type       Cell/ASIC name  (clock net +/-)

   Source:         FF         Q              cnn_top_inst/u_cnn/PBI_Z9myprojectP8ac_fixedILi12ELi4ELb1EL9ac_q_mode0EL9ac_o_mode0EES3_i0/Controller_i/present_state_fast[2]  (from clk_i_c +)
   Destination:    FF         Data in        cnn_top_inst/u_cnn/PBI_Z9myprojectP8ac_fixedILi12ELi4ELb1EL9ac_q_mode0EL9ac_o_mode0EES3_i0/Datapath_i/array_490354_0/ARRAY_1D_STD_BRAM_NN_instance/STD_NRNW_BRAM_GEN_instance/genblk1.STD_DP_BRAM_instance/genblk2.data_out_mem[26]  (to clk_i_c +)

   Delay:              28.265ns  (13.1% logic, 86.9% route), 18 logic levels.

 Constraint Details:

     28.265ns physical path delay cnn_top_inst/u_cnn/PBI_Z9myprojectP8ac_fixedILi12ELi4ELb1EL9ac_q_mode0EL9ac_o_mode0EES3_i0/Controller_i/SLICE_1662 to cnn_top_inst/u_cnn/PBI_Z9myprojectP8ac_fixedILi12ELi4ELb1EL9ac_q_mode0EL9ac_o_mode0EES3_i0/Datapath_i/array_490354_0/ARRAY_1D_STD_BRAM_NN_instance/STD_NRNW_BRAM_GEN_instance/genblk1.STD_DP_BRAM_instance/SLICE_5297 meets
     37.037ns delay constraint less
      0.000ns skew and
     -0.210ns DIN_SET requirement (totaling 37.247ns) by 8.982ns

 Physical Path Details:

      Data path cnn_top_inst/u_cnn/PBI_Z9myprojectP8ac_fixedILi12ELi4ELb1EL9ac_q_mode0EL9ac_o_mode0EES3_i0/Controller_i/SLICE_1662 to cnn_top_inst/u_cnn/PBI_Z9myprojectP8ac_fixedILi12ELi4ELb1EL9ac_q_mode0EL9ac_o_mode0EES3_i0/Datapath_i/array_490354_0/ARRAY_1D_STD_BRAM_NN_instance/STD_NRNW_BRAM_GEN_instance/genblk1.STD_DP_BRAM_instance/SLICE_5297:

   Name    Fanout   Delay (ns)          Site               Resource
REG_DEL     ---     0.393    R37C68D.CLK to     R37C68D.Q1 cnn_top_inst/u_cnn/PBI_Z9myprojectP8ac_fixedILi12ELi4ELb1EL9ac_q_mode0EL9ac_o_mode0EES3_i0/Controller_i/SLICE_1662 (from clk_i_c)
ROUTE        10     2.393     R37C68D.Q1 to     R53C81D.B1 cnn_top_inst/u_cnn/PBI_Z9myprojectP8ac_fixedILi12ELi4ELb1EL9ac_q_mode0EL9ac_o_mode0EES3_i0/Controller_i/present_state_fast[2]
CTOF_DEL    ---     0.180     R53C81D.B1 to     R53C81D.F1 cnn_top_inst/u_cnn/PBI_Z9myprojectP8ac_fixedILi12ELi4ELb1EL9ac_q_mode0EL9ac_o_mode0EES3_i0/Controller_i/SLICE_13608
ROUTE        44     3.220     R53C81D.F1 to     R42C71D.A0 cnn_top_inst/u_cnn/PBI_Z9myprojectP8ac_fixedILi12ELi4ELb1EL9ac_q_mode0EL9ac_o_mode0EES3_i0/wrenable_reg_592_1_2_fc
CTOF_DEL    ---     0.180     R42C71D.A0 to     R42C71D.F0 cnn_top_inst/u_cnn/PBI_Z9myprojectP8ac_fixedILi12ELi4ELb1EL9ac_q_mode0EL9ac_o_mode0EES3_i0/Controller_i/SLICE_14518
ROUTE         1     0.290     R42C71D.F0 to     R42C71C.C0 cnn_top_inst/u_cnn/PBI_Z9myprojectP8ac_fixedILi12ELi4ELb1EL9ac_q_mode0EL9ac_o_mode0EES3_i0/Controller_i/m184_e_0_a2_s_9
CTOF_DEL    ---     0.180     R42C71C.C0 to     R42C71C.F0 cnn_top_inst/u_cnn/PBI_Z9myprojectP8ac_fixedILi12ELi4ELb1EL9ac_q_mode0EL9ac_o_mode0EES3_i0/Controller_i/SLICE_14404
ROUTE         1     0.966     R42C71C.F0 to     R36C71D.B0 cnn_top_inst/u_cnn/PBI_Z9myprojectP8ac_fixedILi12ELi4ELb1EL9ac_q_mode0EL9ac_o_mode0EES3_i0/Controller_i/m184_e_0_a2_s_12
CTOF_DEL    ---     0.180     R36C71D.B0 to     R36C71D.F0 cnn_top_inst/u_cnn/PBI_Z9myprojectP8ac_fixedILi12ELi4ELb1EL9ac_q_mode0EL9ac_o_mode0EES3_i0/Controller_i/SLICE_14192
ROUTE         1     0.666     R36C71D.F0 to     R39C73C.C0 cnn_top_inst/u_cnn/PBI_Z9myprojectP8ac_fixedILi12ELi4ELb1EL9ac_q_mode0EL9ac_o_mode0EES3_i0/Controller_i/m184_e_0_a2_s_15
CTOF_DEL    ---     0.180     R39C73C.C0 to     R39C73C.F0 cnn_top_inst/u_cnn/PBI_Z9myprojectP8ac_fixedILi12ELi4ELb1EL9ac_q_mode0EL9ac_o_mode0EES3_i0/Controller_i/SLICE_14040
ROUTE         3     1.379     R39C73C.F0 to     R43C86C.B1 cnn_top_inst/u_cnn/PBI_Z9myprojectP8ac_fixedILi12ELi4ELb1EL9ac_q_mode0EL9ac_o_mode0EES3_i0/Controller_i/m184_e_0_a2_out
CTOF_DEL    ---     0.180     R43C86C.B1 to     R43C86C.F1 cnn_top_inst/u_cnn/PBI_Z9myprojectP8ac_fixedILi12ELi4ELb1EL9ac_q_mode0EL9ac_o_mode0EES3_i0/SLICE_13485
ROUTE         4     0.868     R43C86C.F1 to     R42C87B.C1 cnn_top_inst/u_cnn/PBI_Z9myprojectP8ac_fixedILi12ELi4ELb1EL9ac_q_mode0EL9ac_o_mode0EES3_i0/N_406
CTOF_DEL    ---     0.180     R42C87B.C1 to     R42C87B.F1 cnn_top_inst/u_cnn/PBI_Z9myprojectP8ac_fixedILi12ELi4ELb1EL9ac_q_mode0EL9ac_o_mode0EES3_i0/SLICE_13512
ROUTE         5     0.977     R42C87B.F1 to     R43C88A.B0 cnn_top_inst/u_cnn/PBI_Z9myprojectP8ac_fixedILi12ELi4ELb1EL9ac_q_mode0EL9ac_o_mode0EES3_i0/selector_MUX_4_ARRAY_1D_STD_BRAM_NN_SDS_0_i0_1_2_1
CTOF_DEL    ---     0.180     R43C88A.B0 to     R43C88A.F0 cnn_top_inst/u_cnn/PBI_Z9myprojectP8ac_fixedILi12ELi4ELb1EL9ac_q_mode0EL9ac_o_mode0EES3_i0/SLICE_13452
ROUTE         1     1.153     R43C88A.F0 to     R38C81C.A0 cnn_top_inst/u_cnn/PBI_Z9myprojectP8ac_fixedILi12ELi4ELb1EL9ac_q_mode0EL9ac_o_mode0EES3_i0/Datapath_i/MUX_10_ARRAY_1D_STD_BRAM_NN_SDS_0_i1_1_5_0/out1_m2
CTOF_DEL    ---     0.180     R38C81C.A0 to     R38C81C.F0 cnn_top_inst/u_cnn/PBI_Z9myprojectP8ac_fixedILi12ELi4ELb1EL9ac_q_mode0EL9ac_o_mode0EES3_i0/SLICE_13453
ROUTE         1     1.216     R38C81C.F0 to     R33C76A.A0 cnn_top_inst/u_cnn/PBI_Z9myprojectP8ac_fixedILi12ELi4ELb1EL9ac_q_mode0EL9ac_o_mode0EES3_i0/Datapath_i/MUX_10_ARRAY_1D_STD_BRAM_NN_SDS_0_i1_1_5_0/out1_m5_0_a2_0_1
CTOF_DEL    ---     0.180     R33C76A.A0 to     R33C76A.F0 cnn_top_inst/u_cnn/PBI_Z9myprojectP8ac_fixedILi12ELi4ELb1EL9ac_q_mode0EL9ac_o_mode0EES3_i0/SLICE_13455
ROUTE         1     0.966     R33C76A.F0 to     R37C88A.D0 cnn_top_inst/u_cnn/PBI_Z9myprojectP8ac_fixedILi12ELi4ELb1EL9ac_q_mode0EL9ac_o_mode0EES3_i0/Datapath_i/MUX_10_ARRAY_1D_STD_BRAM_NN_SDS_0_i1_1_5_0/out1_m5_0_a2_1_N_5L7
CTOF_DEL    ---     0.180     R37C88A.D0 to     R37C88A.F0 cnn_top_inst/u_cnn/PBI_Z9myprojectP8ac_fixedILi12ELi4ELb1EL9ac_q_mode0EL9ac_o_mode0EES3_i0/Datapath_i/SLICE_13454
ROUTE         1     0.140     R37C88A.F0 to     R37C88D.D1 cnn_top_inst/u_cnn/PBI_Z9myprojectP8ac_fixedILi12ELi4ELb1EL9ac_q_mode0EL9ac_o_mode0EES3_i0/Datapath_i/MUX_10_ARRAY_1D_STD_BRAM_NN_SDS_0_i1_1_5_0/out1_m5_0_a2_1
CTOF_DEL    ---     0.180     R37C88D.D1 to     R37C88D.F1 cnn_top_inst/u_cnn/PBI_Z9myprojectP8ac_fixedILi12ELi4ELb1EL9ac_q_mode0EL9ac_o_mode0EES3_i0/Datapath_i/SLICE_13332
ROUTE       467     5.896     R37C88D.F1 to    R28C116D.D0 cnn_top_inst/u_cnn/PBI_Z9myprojectP8ac_fixedILi12ELi4ELb1EL9ac_q_mode0EL9ac_o_mode0EES3_i0/Datapath_i/out1_N_11_mux
CTOF_DEL    ---     0.180    R28C116D.D0 to    R28C116D.F0 cnn_top_inst/u_cnn/PBI_Z9myprojectP8ac_fixedILi12ELi4ELb1EL9ac_q_mode0EL9ac_o_mode0EES3_i0/Datapath_i/array_490354_0/ARRAY_1D_STD_BRAM_NN_instance/STD_NRNW_BRAM_GEN_instance/genblk1.STD_DP_BRAM_instance/SLICE_16694
ROUTE         1     0.763    R28C116D.F0 to    R28C114A.B1 cnn_top_inst/u_cnn/PBI_Z9myprojectP8ac_fixedILi12ELi4ELb1EL9ac_q_mode0EL9ac_o_mode0EES3_i0/Datapath_i/array_490354_0/ARRAY_1D_STD_BRAM_NN_instance/STD_NRNW_BRAM_GEN_instance/genblk1.STD_DP_BRAM_instance/ramout_92_bm_1[10]
CTOOFX_DEL  ---     0.306    R28C114A.B1 to  R28C114A.OFX0 cnn_top_inst/u_cnn/PBI_Z9myprojectP8ac_fixedILi12ELi4ELb1EL9ac_q_mode0EL9ac_o_mode0EES3_i0/Datapath_i/array_490354_0/ARRAY_1D_STD_BRAM_NN_instance/STD_NRNW_BRAM_GEN_instance/genblk1.STD_DP_BRAM_instance/memory.ram872__RNI23P33[10]/SLICE_9834
ROUTE         1     0.000  R28C114A.OFX0 to   R28C114A.FXB cnn_top_inst/u_cnn/PBI_Z9myprojectP8ac_fixedILi12ELi4ELb1EL9ac_q_mode0EL9ac_o_mode0EES3_i0/Datapath_i/array_490354_0/ARRAY_1D_STD_BRAM_NN_instance/STD_NRNW_BRAM_GEN_instance/genblk1.STD_DP_BRAM_instance/N_68013
FXTOF_DEL   ---     0.180   R28C114A.FXB to  R28C114A.OFX1 cnn_top_inst/u_cnn/PBI_Z9myprojectP8ac_fixedILi12ELi4ELb1EL9ac_q_mode0EL9ac_o_mode0EES3_i0/Datapath_i/array_490354_0/ARRAY_1D_STD_BRAM_NN_instance/STD_NRNW_BRAM_GEN_instance/genblk1.STD_DP_BRAM_instance/memory.ram872__RNI23P33[10]/SLICE_9834
ROUTE         2     2.322  R28C114A.OFX1 to     R41C92B.A0 cnn_top_inst/u_cnn/PBI_Z9myprojectP8ac_fixedILi12ELi4ELb1EL9ac_q_mode0EL9ac_o_mode0EES3_i0/Datapath_i/array_490354_0/ARRAY_1D_STD_BRAM_NN_instance/STD_NRNW_BRAM_GEN_instance/genblk1.STD_DP_BRAM_instance/N_68029
CTOF_DEL    ---     0.180     R41C92B.A0 to     R41C92B.F0 cnn_top_inst/u_cnn/PBI_Z9myprojectP8ac_fixedILi12ELi4ELb1EL9ac_q_mode0EL9ac_o_mode0EES3_i0/Datapath_i/SLICE_13303
ROUTE         2     1.345     R41C92B.F0 to     R45C99C.A0 cnn_top_inst/u_cnn/PBI_Z9myprojectP8ac_fixedILi12ELi4ELb1EL9ac_q_mode0EL9ac_o_mode0EES3_i0/Datapath_i/array_490354_0/ARRAY_1D_STD_BRAM_NN_instance/STD_NRNW_BRAM_GEN_instance/genblk1.STD_DP_BRAM_instance/N_68557
CTOOFX_DEL  ---     0.306     R45C99C.A0 to   R45C99C.OFX0 cnn_top_inst/u_cnn/PBI_Z9myprojectP8ac_fixedILi12ELi4ELb1EL9ac_q_mode0EL9ac_o_mode0EES3_i0/Datapath_i/array_490354_0/ARRAY_1D_STD_BRAM_NN_instance/STD_NRNW_BRAM_GEN_instance/genblk1.STD_DP_BRAM_instance/SLICE_5297
ROUTE         1     0.000   R45C99C.OFX0 to    R45C99C.DI0 cnn_top_inst/u_cnn/PBI_Z9myprojectP8ac_fixedILi12ELi4ELb1EL9ac_q_mode0EL9ac_o_mode0EES3_i0/Datapath_i/array_490354_0/ARRAY_1D_STD_BRAM_NN_instance/STD_NRNW_BRAM_GEN_instance/genblk1.STD_DP_BRAM_instance/memory[26] (to clk_i_c)
                  --------
                   28.265   (13.1% logic, 86.9% route), 18 logic levels.

 Clock Skew Details: 

      Source Clock Path clk_i to cnn_top_inst/u_cnn/PBI_Z9myprojectP8ac_fixedILi12ELi4ELb1EL9ac_q_mode0EL9ac_o_mode0EES3_i0/Controller_i/SLICE_1662:

   Name    Fanout   Delay (ns)          Site               Resource
ROUTE       999     2.249      E17.PADDI to    R37C68D.CLK clk_i_c
                  --------
                    2.249   (0.0% logic, 100.0% route), 0 logic levels.

      Destination Clock Path clk_i to cnn_top_inst/u_cnn/PBI_Z9myprojectP8ac_fixedILi12ELi4ELb1EL9ac_q_mode0EL9ac_o_mode0EES3_i0/Datapath_i/array_490354_0/ARRAY_1D_STD_BRAM_NN_instance/STD_NRNW_BRAM_GEN_instance/genblk1.STD_DP_BRAM_instance/SLICE_5297:

   Name    Fanout   Delay (ns)          Site               Resource
ROUTE       999     2.249      E17.PADDI to    R45C99C.CLK clk_i_c
                  --------
                    2.249   (0.0% logic, 100.0% route), 0 logic levels.


Passed: The following path meets requirements by 8.983ns

 Logical Details:  Cell type  Pin type       Cell/ASIC name  (clock net +/-)

   Source:         FF         Q              cnn_top_inst/u_cnn/PBI_Z9myprojectP8ac_fixedILi12ELi4ELb1EL9ac_q_mode0EL9ac_o_mode0EES3_i0/Controller_i/present_state_fast[2]  (from clk_i_c +)
   Destination:    FF         Data in        cnn_top_inst/u_cnn/PBI_Z9myprojectP8ac_fixedILi12ELi4ELb1EL9ac_q_mode0EL9ac_o_mode0EES3_i0/Datapath_i/array_490354_0/ARRAY_1D_STD_BRAM_NN_instance/STD_NRNW_BRAM_GEN_instance/genblk1.STD_DP_BRAM_instance/genblk2.data_out_mem[25]  (to clk_i_c +)

   Delay:              28.264ns  (13.1% logic, 86.9% route), 18 logic levels.

 Constraint Details:

     28.264ns physical path delay cnn_top_inst/u_cnn/PBI_Z9myprojectP8ac_fixedILi12ELi4ELb1EL9ac_q_mode0EL9ac_o_mode0EES3_i0/Controller_i/SLICE_1662 to cnn_top_inst/u_cnn/PBI_Z9myprojectP8ac_fixedILi12ELi4ELb1EL9ac_q_mode0EL9ac_o_mode0EES3_i0/Datapath_i/array_490354_0/ARRAY_1D_STD_BRAM_NN_instance/STD_NRNW_BRAM_GEN_instance/genblk1.STD_DP_BRAM_instance/SLICE_5296 meets
     37.037ns delay constraint less
      0.000ns skew and
     -0.210ns DIN_SET requirement (totaling 37.247ns) by 8.983ns

 Physical Path Details:

      Data path cnn_top_inst/u_cnn/PBI_Z9myprojectP8ac_fixedILi12ELi4ELb1EL9ac_q_mode0EL9ac_o_mode0EES3_i0/Controller_i/SLICE_1662 to cnn_top_inst/u_cnn/PBI_Z9myprojectP8ac_fixedILi12ELi4ELb1EL9ac_q_mode0EL9ac_o_mode0EES3_i0/Datapath_i/array_490354_0/ARRAY_1D_STD_BRAM_NN_instance/STD_NRNW_BRAM_GEN_instance/genblk1.STD_DP_BRAM_instance/SLICE_5296:

   Name    Fanout   Delay (ns)          Site               Resource
REG_DEL     ---     0.393    R37C68D.CLK to     R37C68D.Q1 cnn_top_inst/u_cnn/PBI_Z9myprojectP8ac_fixedILi12ELi4ELb1EL9ac_q_mode0EL9ac_o_mode0EES3_i0/Controller_i/SLICE_1662 (from clk_i_c)
ROUTE        10     2.393     R37C68D.Q1 to     R53C81D.B1 cnn_top_inst/u_cnn/PBI_Z9myprojectP8ac_fixedILi12ELi4ELb1EL9ac_q_mode0EL9ac_o_mode0EES3_i0/Controller_i/present_state_fast[2]
CTOF_DEL    ---     0.180     R53C81D.B1 to     R53C81D.F1 cnn_top_inst/u_cnn/PBI_Z9myprojectP8ac_fixedILi12ELi4ELb1EL9ac_q_mode0EL9ac_o_mode0EES3_i0/Controller_i/SLICE_13608
ROUTE        44     3.220     R53C81D.F1 to     R42C71D.A0 cnn_top_inst/u_cnn/PBI_Z9myprojectP8ac_fixedILi12ELi4ELb1EL9ac_q_mode0EL9ac_o_mode0EES3_i0/wrenable_reg_592_1_2_fc
CTOF_DEL    ---     0.180     R42C71D.A0 to     R42C71D.F0 cnn_top_inst/u_cnn/PBI_Z9myprojectP8ac_fixedILi12ELi4ELb1EL9ac_q_mode0EL9ac_o_mode0EES3_i0/Controller_i/SLICE_14518
ROUTE         1     0.290     R42C71D.F0 to     R42C71C.C0 cnn_top_inst/u_cnn/PBI_Z9myprojectP8ac_fixedILi12ELi4ELb1EL9ac_q_mode0EL9ac_o_mode0EES3_i0/Controller_i/m184_e_0_a2_s_9
CTOF_DEL    ---     0.180     R42C71C.C0 to     R42C71C.F0 cnn_top_inst/u_cnn/PBI_Z9myprojectP8ac_fixedILi12ELi4ELb1EL9ac_q_mode0EL9ac_o_mode0EES3_i0/Controller_i/SLICE_14404
ROUTE         1     0.966     R42C71C.F0 to     R36C71D.B0 cnn_top_inst/u_cnn/PBI_Z9myprojectP8ac_fixedILi12ELi4ELb1EL9ac_q_mode0EL9ac_o_mode0EES3_i0/Controller_i/m184_e_0_a2_s_12
CTOF_DEL    ---     0.180     R36C71D.B0 to     R36C71D.F0 cnn_top_inst/u_cnn/PBI_Z9myprojectP8ac_fixedILi12ELi4ELb1EL9ac_q_mode0EL9ac_o_mode0EES3_i0/Controller_i/SLICE_14192
ROUTE         1     0.666     R36C71D.F0 to     R39C73C.C0 cnn_top_inst/u_cnn/PBI_Z9myprojectP8ac_fixedILi12ELi4ELb1EL9ac_q_mode0EL9ac_o_mode0EES3_i0/Controller_i/m184_e_0_a2_s_15
CTOF_DEL    ---     0.180     R39C73C.C0 to     R39C73C.F0 cnn_top_inst/u_cnn/PBI_Z9myprojectP8ac_fixedILi12ELi4ELb1EL9ac_q_mode0EL9ac_o_mode0EES3_i0/Controller_i/SLICE_14040
ROUTE         3     1.379     R39C73C.F0 to     R43C86C.B1 cnn_top_inst/u_cnn/PBI_Z9myprojectP8ac_fixedILi12ELi4ELb1EL9ac_q_mode0EL9ac_o_mode0EES3_i0/Controller_i/m184_e_0_a2_out
CTOF_DEL    ---     0.180     R43C86C.B1 to     R43C86C.F1 cnn_top_inst/u_cnn/PBI_Z9myprojectP8ac_fixedILi12ELi4ELb1EL9ac_q_mode0EL9ac_o_mode0EES3_i0/SLICE_13485
ROUTE         4     0.868     R43C86C.F1 to     R42C87B.C1 cnn_top_inst/u_cnn/PBI_Z9myprojectP8ac_fixedILi12ELi4ELb1EL9ac_q_mode0EL9ac_o_mode0EES3_i0/N_406
CTOF_DEL    ---     0.180     R42C87B.C1 to     R42C87B.F1 cnn_top_inst/u_cnn/PBI_Z9myprojectP8ac_fixedILi12ELi4ELb1EL9ac_q_mode0EL9ac_o_mode0EES3_i0/SLICE_13512
ROUTE         5     0.977     R42C87B.F1 to     R43C88A.B0 cnn_top_inst/u_cnn/PBI_Z9myprojectP8ac_fixedILi12ELi4ELb1EL9ac_q_mode0EL9ac_o_mode0EES3_i0/selector_MUX_4_ARRAY_1D_STD_BRAM_NN_SDS_0_i0_1_2_1
CTOF_DEL    ---     0.180     R43C88A.B0 to     R43C88A.F0 cnn_top_inst/u_cnn/PBI_Z9myprojectP8ac_fixedILi12ELi4ELb1EL9ac_q_mode0EL9ac_o_mode0EES3_i0/SLICE_13452
ROUTE         1     1.153     R43C88A.F0 to     R38C81C.A0 cnn_top_inst/u_cnn/PBI_Z9myprojectP8ac_fixedILi12ELi4ELb1EL9ac_q_mode0EL9ac_o_mode0EES3_i0/Datapath_i/MUX_10_ARRAY_1D_STD_BRAM_NN_SDS_0_i1_1_5_0/out1_m2
CTOF_DEL    ---     0.180     R38C81C.A0 to     R38C81C.F0 cnn_top_inst/u_cnn/PBI_Z9myprojectP8ac_fixedILi12ELi4ELb1EL9ac_q_mode0EL9ac_o_mode0EES3_i0/SLICE_13453
ROUTE         1     1.216     R38C81C.F0 to     R33C76A.A0 cnn_top_inst/u_cnn/PBI_Z9myprojectP8ac_fixedILi12ELi4ELb1EL9ac_q_mode0EL9ac_o_mode0EES3_i0/Datapath_i/MUX_10_ARRAY_1D_STD_BRAM_NN_SDS_0_i1_1_5_0/out1_m5_0_a2_0_1
CTOF_DEL    ---     0.180     R33C76A.A0 to     R33C76A.F0 cnn_top_inst/u_cnn/PBI_Z9myprojectP8ac_fixedILi12ELi4ELb1EL9ac_q_mode0EL9ac_o_mode0EES3_i0/SLICE_13455
ROUTE         1     0.966     R33C76A.F0 to     R37C88A.D0 cnn_top_inst/u_cnn/PBI_Z9myprojectP8ac_fixedILi12ELi4ELb1EL9ac_q_mode0EL9ac_o_mode0EES3_i0/Datapath_i/MUX_10_ARRAY_1D_STD_BRAM_NN_SDS_0_i1_1_5_0/out1_m5_0_a2_1_N_5L7
CTOF_DEL    ---     0.180     R37C88A.D0 to     R37C88A.F0 cnn_top_inst/u_cnn/PBI_Z9myprojectP8ac_fixedILi12ELi4ELb1EL9ac_q_mode0EL9ac_o_mode0EES3_i0/Datapath_i/SLICE_13454
ROUTE         1     0.140     R37C88A.F0 to     R37C88D.D1 cnn_top_inst/u_cnn/PBI_Z9myprojectP8ac_fixedILi12ELi4ELb1EL9ac_q_mode0EL9ac_o_mode0EES3_i0/Datapath_i/MUX_10_ARRAY_1D_STD_BRAM_NN_SDS_0_i1_1_5_0/out1_m5_0_a2_1
CTOF_DEL    ---     0.180     R37C88D.D1 to     R37C88D.F1 cnn_top_inst/u_cnn/PBI_Z9myprojectP8ac_fixedILi12ELi4ELb1EL9ac_q_mode0EL9ac_o_mode0EES3_i0/Datapath_i/SLICE_13332
ROUTE       467     5.896     R37C88D.F1 to    R28C116D.D0 cnn_top_inst/u_cnn/PBI_Z9myprojectP8ac_fixedILi12ELi4ELb1EL9ac_q_mode0EL9ac_o_mode0EES3_i0/Datapath_i/out1_N_11_mux
CTOF_DEL    ---     0.180    R28C116D.D0 to    R28C116D.F0 cnn_top_inst/u_cnn/PBI_Z9myprojectP8ac_fixedILi12ELi4ELb1EL9ac_q_mode0EL9ac_o_mode0EES3_i0/Datapath_i/array_490354_0/ARRAY_1D_STD_BRAM_NN_instance/STD_NRNW_BRAM_GEN_instance/genblk1.STD_DP_BRAM_instance/SLICE_16694
ROUTE         1     0.763    R28C116D.F0 to    R28C114A.B1 cnn_top_inst/u_cnn/PBI_Z9myprojectP8ac_fixedILi12ELi4ELb1EL9ac_q_mode0EL9ac_o_mode0EES3_i0/Datapath_i/array_490354_0/ARRAY_1D_STD_BRAM_NN_instance/STD_NRNW_BRAM_GEN_instance/genblk1.STD_DP_BRAM_instance/ramout_92_bm_1[10]
CTOOFX_DEL  ---     0.306    R28C114A.B1 to  R28C114A.OFX0 cnn_top_inst/u_cnn/PBI_Z9myprojectP8ac_fixedILi12ELi4ELb1EL9ac_q_mode0EL9ac_o_mode0EES3_i0/Datapath_i/array_490354_0/ARRAY_1D_STD_BRAM_NN_instance/STD_NRNW_BRAM_GEN_instance/genblk1.STD_DP_BRAM_instance/memory.ram872__RNI23P33[10]/SLICE_9834
ROUTE         1     0.000  R28C114A.OFX0 to   R28C114A.FXB cnn_top_inst/u_cnn/PBI_Z9myprojectP8ac_fixedILi12ELi4ELb1EL9ac_q_mode0EL9ac_o_mode0EES3_i0/Datapath_i/array_490354_0/ARRAY_1D_STD_BRAM_NN_instance/STD_NRNW_BRAM_GEN_instance/genblk1.STD_DP_BRAM_instance/N_68013
FXTOF_DEL   ---     0.180   R28C114A.FXB to  R28C114A.OFX1 cnn_top_inst/u_cnn/PBI_Z9myprojectP8ac_fixedILi12ELi4ELb1EL9ac_q_mode0EL9ac_o_mode0EES3_i0/Datapath_i/array_490354_0/ARRAY_1D_STD_BRAM_NN_instance/STD_NRNW_BRAM_GEN_instance/genblk1.STD_DP_BRAM_instance/memory.ram872__RNI23P33[10]/SLICE_9834
ROUTE         2     2.322  R28C114A.OFX1 to     R41C92B.A0 cnn_top_inst/u_cnn/PBI_Z9myprojectP8ac_fixedILi12ELi4ELb1EL9ac_q_mode0EL9ac_o_mode0EES3_i0/Datapath_i/array_490354_0/ARRAY_1D_STD_BRAM_NN_instance/STD_NRNW_BRAM_GEN_instance/genblk1.STD_DP_BRAM_instance/N_68029
CTOF_DEL    ---     0.180     R41C92B.A0 to     R41C92B.F0 cnn_top_inst/u_cnn/PBI_Z9myprojectP8ac_fixedILi12ELi4ELb1EL9ac_q_mode0EL9ac_o_mode0EES3_i0/Datapath_i/SLICE_13303
ROUTE         2     1.344     R41C92B.F0 to     R45C99A.B0 cnn_top_inst/u_cnn/PBI_Z9myprojectP8ac_fixedILi12ELi4ELb1EL9ac_q_mode0EL9ac_o_mode0EES3_i0/Datapath_i/array_490354_0/ARRAY_1D_STD_BRAM_NN_instance/STD_NRNW_BRAM_GEN_instance/genblk1.STD_DP_BRAM_instance/N_68557
CTOOFX_DEL  ---     0.306     R45C99A.B0 to   R45C99A.OFX0 cnn_top_inst/u_cnn/PBI_Z9myprojectP8ac_fixedILi12ELi4ELb1EL9ac_q_mode0EL9ac_o_mode0EES3_i0/Datapath_i/array_490354_0/ARRAY_1D_STD_BRAM_NN_instance/STD_NRNW_BRAM_GEN_instance/genblk1.STD_DP_BRAM_instance/SLICE_5296
ROUTE         1     0.000   R45C99A.OFX0 to    R45C99A.DI0 cnn_top_inst/u_cnn/PBI_Z9myprojectP8ac_fixedILi12ELi4ELb1EL9ac_q_mode0EL9ac_o_mode0EES3_i0/Datapath_i/array_490354_0/ARRAY_1D_STD_BRAM_NN_instance/STD_NRNW_BRAM_GEN_instance/genblk1.STD_DP_BRAM_instance/memory[25] (to clk_i_c)
                  --------
                   28.264   (13.1% logic, 86.9% route), 18 logic levels.

 Clock Skew Details: 

      Source Clock Path clk_i to cnn_top_inst/u_cnn/PBI_Z9myprojectP8ac_fixedILi12ELi4ELb1EL9ac_q_mode0EL9ac_o_mode0EES3_i0/Controller_i/SLICE_1662:

   Name    Fanout   Delay (ns)          Site               Resource
ROUTE       999     2.249      E17.PADDI to    R37C68D.CLK clk_i_c
                  --------
                    2.249   (0.0% logic, 100.0% route), 0 logic levels.

      Destination Clock Path clk_i to cnn_top_inst/u_cnn/PBI_Z9myprojectP8ac_fixedILi12ELi4ELb1EL9ac_q_mode0EL9ac_o_mode0EES3_i0/Datapath_i/array_490354_0/ARRAY_1D_STD_BRAM_NN_instance/STD_NRNW_BRAM_GEN_instance/genblk1.STD_DP_BRAM_instance/SLICE_5296:

   Name    Fanout   Delay (ns)          Site               Resource
ROUTE       999     2.249      E17.PADDI to    R45C99A.CLK clk_i_c
                  --------
                    2.249   (0.0% logic, 100.0% route), 0 logic levels.


Passed: The following path meets requirements by 8.987ns

 Logical Details:  Cell type  Pin type       Cell/ASIC name  (clock net +/-)

   Source:         FF         Q              cnn_top_inst/u_cnn/PBI_Z9myprojectP8ac_fixedILi12ELi4ELb1EL9ac_q_mode0EL9ac_o_mode0EES3_i0/Controller_i/present_state_fast[2]  (from clk_i_c +)
   Destination:    FF         Data in        cnn_top_inst/u_cnn/PBI_Z9myprojectP8ac_fixedILi12ELi4ELb1EL9ac_q_mode0EL9ac_o_mode0EES3_i0/Datapath_i/array_490354_0/ARRAY_1D_STD_BRAM_NN_instance/STD_NRNW_BRAM_GEN_instance/genblk1.STD_DP_BRAM_instance/genblk2.data_out_mem[26]  (to clk_i_c +)

   Delay:              28.260ns  (13.1% logic, 86.9% route), 18 logic levels.

 Constraint Details:

     28.260ns physical path delay cnn_top_inst/u_cnn/PBI_Z9myprojectP8ac_fixedILi12ELi4ELb1EL9ac_q_mode0EL9ac_o_mode0EES3_i0/Controller_i/SLICE_1662 to cnn_top_inst/u_cnn/PBI_Z9myprojectP8ac_fixedILi12ELi4ELb1EL9ac_q_mode0EL9ac_o_mode0EES3_i0/Datapath_i/array_490354_0/ARRAY_1D_STD_BRAM_NN_instance/STD_NRNW_BRAM_GEN_instance/genblk1.STD_DP_BRAM_instance/SLICE_5297 meets
     37.037ns delay constraint less
      0.000ns skew and
     -0.210ns DIN_SET requirement (totaling 37.247ns) by 8.987ns

 Physical Path Details:

      Data path cnn_top_inst/u_cnn/PBI_Z9myprojectP8ac_fixedILi12ELi4ELb1EL9ac_q_mode0EL9ac_o_mode0EES3_i0/Controller_i/SLICE_1662 to cnn_top_inst/u_cnn/PBI_Z9myprojectP8ac_fixedILi12ELi4ELb1EL9ac_q_mode0EL9ac_o_mode0EES3_i0/Datapath_i/array_490354_0/ARRAY_1D_STD_BRAM_NN_instance/STD_NRNW_BRAM_GEN_instance/genblk1.STD_DP_BRAM_instance/SLICE_5297:

   Name    Fanout   Delay (ns)          Site               Resource
REG_DEL     ---     0.393    R37C68D.CLK to     R37C68D.Q1 cnn_top_inst/u_cnn/PBI_Z9myprojectP8ac_fixedILi12ELi4ELb1EL9ac_q_mode0EL9ac_o_mode0EES3_i0/Controller_i/SLICE_1662 (from clk_i_c)
ROUTE        10     3.038     R37C68D.Q1 to     R56C75B.A0 cnn_top_inst/u_cnn/PBI_Z9myprojectP8ac_fixedILi12ELi4ELb1EL9ac_q_mode0EL9ac_o_mode0EES3_i0/Controller_i/present_state_fast[2]
CTOF_DEL    ---     0.180     R56C75B.A0 to     R56C75B.F0 cnn_top_inst/u_cnn/PBI_Z9myprojectP8ac_fixedILi12ELi4ELb1EL9ac_q_mode0EL9ac_o_mode0EES3_i0/Controller_i/SLICE_14643
ROUTE         3     1.506     R56C75B.F0 to     R42C74B.C1 cnn_top_inst/u_cnn/PBI_Z9myprojectP8ac_fixedILi12ELi4ELb1EL9ac_q_mode0EL9ac_o_mode0EES3_i0/Controller_i/fuselector_ARRAY_1D_STD_BRAM_NN_SDS_0_i0_STORE_1_0_a2_32_21_5[108]
CTOF_DEL    ---     0.180     R42C74B.C1 to     R42C74B.F1 cnn_top_inst/u_cnn/PBI_Z9myprojectP8ac_fixedILi12ELi4ELb1EL9ac_q_mode0EL9ac_o_mode0EES3_i0/Controller_i/SLICE_14294
ROUTE         9     2.241     R42C74B.F1 to     R39C74A.B0 cnn_top_inst/u_cnn/PBI_Z9myprojectP8ac_fixedILi12ELi4ELb1EL9ac_q_mode0EL9ac_o_mode0EES3_i0/Controller_i/fuselector_ARRAY_1D_STD_BRAM_NN_SDS_0_i0_STORE_1_0_a2_32_21[108]
CTOF_DEL    ---     0.180     R39C74A.B0 to     R39C74A.F0 cnn_top_inst/u_cnn/PBI_Z9myprojectP8ac_fixedILi12ELi4ELb1EL9ac_q_mode0EL9ac_o_mode0EES3_i0/Controller_i/SLICE_14295
ROUTE         1     0.747     R39C74A.F0 to     R36C74A.B0 cnn_top_inst/u_cnn/PBI_Z9myprojectP8ac_fixedILi12ELi4ELb1EL9ac_q_mode0EL9ac_o_mode0EES3_i0/Controller_i/fuselector_m6_0_a2_4_6
CTOF_DEL    ---     0.180     R36C74A.B0 to     R36C74A.F0 cnn_top_inst/u_cnn/PBI_Z9myprojectP8ac_fixedILi12ELi4ELb1EL9ac_q_mode0EL9ac_o_mode0EES3_i0/Controller_i/SLICE_14194
ROUTE         1     0.478     R36C74A.F0 to     R40C74B.D0 cnn_top_inst/u_cnn/PBI_Z9myprojectP8ac_fixedILi12ELi4ELb1EL9ac_q_mode0EL9ac_o_mode0EES3_i0/Controller_i/fuselector_m6_0_a2_4_7
CTOF_DEL    ---     0.180     R40C74B.D0 to     R40C74B.F0 cnn_top_inst/u_cnn/PBI_Z9myprojectP8ac_fixedILi12ELi4ELb1EL9ac_q_mode0EL9ac_o_mode0EES3_i0/Controller_i/SLICE_13958
ROUTE         1     0.644     R40C74B.F0 to     R39C72C.C0 cnn_top_inst/u_cnn/PBI_Z9myprojectP8ac_fixedILi12ELi4ELb1EL9ac_q_mode0EL9ac_o_mode0EES3_i0/Controller_i/fuselector_N_5_0_0_tz
CTOF_DEL    ---     0.180     R39C72C.C0 to     R39C72C.F0 cnn_top_inst/u_cnn/PBI_Z9myprojectP8ac_fixedILi12ELi4ELb1EL9ac_q_mode0EL9ac_o_mode0EES3_i0/Controller_i/SLICE_13789
ROUTE         1     1.179     R39C72C.F0 to     R33C76A.B1 cnn_top_inst/u_cnn/PBI_Z9myprojectP8ac_fixedILi12ELi4ELb1EL9ac_q_mode0EL9ac_o_mode0EES3_i0/Controller_i/fuselector_ARRAY_1D_STD_BRAM_NN_SDS_0_i0_STORE_1_0_a2_1_c_tz[108]
CTOF_DEL    ---     0.180     R33C76A.B1 to     R33C76A.F1 cnn_top_inst/u_cnn/PBI_Z9myprojectP8ac_fixedILi12ELi4ELb1EL9ac_q_mode0EL9ac_o_mode0EES3_i0/SLICE_13455
ROUTE         2     0.588     R33C76A.F1 to     R33C78C.B1 cnn_top_inst/u_cnn/PBI_Z9myprojectP8ac_fixedILi12ELi4ELb1EL9ac_q_mode0EL9ac_o_mode0EES3_i0/fuselector_ARRAY_1D_STD_BRAM_NN_SDS_0_i0_STORE_1_0_o3[108]
CTOF_DEL    ---     0.180     R33C78C.B1 to     R33C78C.F1 cnn_top_inst/u_cnn/PBI_Z9myprojectP8ac_fixedILi12ELi4ELb1EL9ac_q_mode0EL9ac_o_mode0EES3_i0/SLICE_13508
ROUTE         3     1.021     R33C78C.F1 to     R35C87C.D1 cnn_top_inst/u_cnn/PBI_Z9myprojectP8ac_fixedILi12ELi4ELb1EL9ac_q_mode0EL9ac_o_mode0EES3_i0/r_N_5_mux
CTOF_DEL    ---     0.180     R35C87C.D1 to     R35C87C.F1 cnn_top_inst/u_cnn/PBI_Z9myprojectP8ac_fixedILi12ELi4ELb1EL9ac_q_mode0EL9ac_o_mode0EES3_i0/SLICE_13440
ROUTE         8     1.185     R35C87C.F1 to     R42C91B.A1 cnn_top_inst/u_cnn/PBI_Z9myprojectP8ac_fixedILi12ELi4ELb1EL9ac_q_mode0EL9ac_o_mode0EES3_i0/selector_MUX_10_ARRAY_1D_STD_BRAM_NN_SDS_0_i1_1_4_2
CTOF_DEL    ---     0.180     R42C91B.A1 to     R42C91B.F1 cnn_top_inst/u_cnn/PBI_Z9myprojectP8ac_fixedILi12ELi4ELb1EL9ac_q_mode0EL9ac_o_mode0EES3_i0/Datapath_i/SLICE_13441
ROUTE         4     0.599     R42C91B.F1 to     R41C91D.A0 cnn_top_inst/u_cnn/PBI_Z9myprojectP8ac_fixedILi12ELi4ELb1EL9ac_q_mode0EL9ac_o_mode0EES3_i0/Datapath_i/selector_MUX_10_ARRAY_1D_STD_BRAM_NN_SDS_0_i1_1_0_s1_9
CTOF_DEL    ---     0.180     R41C91D.A0 to     R41C91D.F0 cnn_top_inst/u_cnn/PBI_Z9myprojectP8ac_fixedILi12ELi4ELb1EL9ac_q_mode0EL9ac_o_mode0EES3_i0/Datapath_i/SLICE_13448
ROUTE         1     1.003     R41C91D.F0 to     R37C88D.C1 cnn_top_inst/u_cnn/PBI_Z9myprojectP8ac_fixedILi12ELi4ELb1EL9ac_q_mode0EL9ac_o_mode0EES3_i0/Datapath_i/MUX_10_ARRAY_1D_STD_BRAM_NN_SDS_0_i1_1_5_0/out1_m5_0_a2_2
CTOF_DEL    ---     0.180     R37C88D.C1 to     R37C88D.F1 cnn_top_inst/u_cnn/PBI_Z9myprojectP8ac_fixedILi12ELi4ELb1EL9ac_q_mode0EL9ac_o_mode0EES3_i0/Datapath_i/SLICE_13332
ROUTE       467     5.896     R37C88D.F1 to    R28C116D.D0 cnn_top_inst/u_cnn/PBI_Z9myprojectP8ac_fixedILi12ELi4ELb1EL9ac_q_mode0EL9ac_o_mode0EES3_i0/Datapath_i/out1_N_11_mux
CTOF_DEL    ---     0.180    R28C116D.D0 to    R28C116D.F0 cnn_top_inst/u_cnn/PBI_Z9myprojectP8ac_fixedILi12ELi4ELb1EL9ac_q_mode0EL9ac_o_mode0EES3_i0/Datapath_i/array_490354_0/ARRAY_1D_STD_BRAM_NN_instance/STD_NRNW_BRAM_GEN_instance/genblk1.STD_DP_BRAM_instance/SLICE_16694
ROUTE         1     0.763    R28C116D.F0 to    R28C114A.B1 cnn_top_inst/u_cnn/PBI_Z9myprojectP8ac_fixedILi12ELi4ELb1EL9ac_q_mode0EL9ac_o_mode0EES3_i0/Datapath_i/array_490354_0/ARRAY_1D_STD_BRAM_NN_instance/STD_NRNW_BRAM_GEN_instance/genblk1.STD_DP_BRAM_instance/ramout_92_bm_1[10]
CTOOFX_DEL  ---     0.306    R28C114A.B1 to  R28C114A.OFX0 cnn_top_inst/u_cnn/PBI_Z9myprojectP8ac_fixedILi12ELi4ELb1EL9ac_q_mode0EL9ac_o_mode0EES3_i0/Datapath_i/array_490354_0/ARRAY_1D_STD_BRAM_NN_instance/STD_NRNW_BRAM_GEN_instance/genblk1.STD_DP_BRAM_instance/memory.ram872__RNI23P33[10]/SLICE_9834
ROUTE         1     0.000  R28C114A.OFX0 to   R28C114A.FXB cnn_top_inst/u_cnn/PBI_Z9myprojectP8ac_fixedILi12ELi4ELb1EL9ac_q_mode0EL9ac_o_mode0EES3_i0/Datapath_i/array_490354_0/ARRAY_1D_STD_BRAM_NN_instance/STD_NRNW_BRAM_GEN_instance/genblk1.STD_DP_BRAM_instance/N_68013
FXTOF_DEL   ---     0.180   R28C114A.FXB to  R28C114A.OFX1 cnn_top_inst/u_cnn/PBI_Z9myprojectP8ac_fixedILi12ELi4ELb1EL9ac_q_mode0EL9ac_o_mode0EES3_i0/Datapath_i/array_490354_0/ARRAY_1D_STD_BRAM_NN_instance/STD_NRNW_BRAM_GEN_instance/genblk1.STD_DP_BRAM_instance/memory.ram872__RNI23P33[10]/SLICE_9834
ROUTE         2     2.322  R28C114A.OFX1 to     R41C92B.A0 cnn_top_inst/u_cnn/PBI_Z9myprojectP8ac_fixedILi12ELi4ELb1EL9ac_q_mode0EL9ac_o_mode0EES3_i0/Datapath_i/array_490354_0/ARRAY_1D_STD_BRAM_NN_instance/STD_NRNW_BRAM_GEN_instance/genblk1.STD_DP_BRAM_instance/N_68029
CTOF_DEL    ---     0.180     R41C92B.A0 to     R41C92B.F0 cnn_top_inst/u_cnn/PBI_Z9myprojectP8ac_fixedILi12ELi4ELb1EL9ac_q_mode0EL9ac_o_mode0EES3_i0/Datapath_i/SLICE_13303
ROUTE         2     1.345     R41C92B.F0 to     R45C99C.A0 cnn_top_inst/u_cnn/PBI_Z9myprojectP8ac_fixedILi12ELi4ELb1EL9ac_q_mode0EL9ac_o_mode0EES3_i0/Datapath_i/array_490354_0/ARRAY_1D_STD_BRAM_NN_instance/STD_NRNW_BRAM_GEN_instance/genblk1.STD_DP_BRAM_instance/N_68557
CTOOFX_DEL  ---     0.306     R45C99C.A0 to   R45C99C.OFX0 cnn_top_inst/u_cnn/PBI_Z9myprojectP8ac_fixedILi12ELi4ELb1EL9ac_q_mode0EL9ac_o_mode0EES3_i0/Datapath_i/array_490354_0/ARRAY_1D_STD_BRAM_NN_instance/STD_NRNW_BRAM_GEN_instance/genblk1.STD_DP_BRAM_instance/SLICE_5297
ROUTE         1     0.000   R45C99C.OFX0 to    R45C99C.DI0 cnn_top_inst/u_cnn/PBI_Z9myprojectP8ac_fixedILi12ELi4ELb1EL9ac_q_mode0EL9ac_o_mode0EES3_i0/Datapath_i/array_490354_0/ARRAY_1D_STD_BRAM_NN_instance/STD_NRNW_BRAM_GEN_instance/genblk1.STD_DP_BRAM_instance/memory[26] (to clk_i_c)
                  --------
                   28.260   (13.1% logic, 86.9% route), 18 logic levels.

 Clock Skew Details: 

      Source Clock Path clk_i to cnn_top_inst/u_cnn/PBI_Z9myprojectP8ac_fixedILi12ELi4ELb1EL9ac_q_mode0EL9ac_o_mode0EES3_i0/Controller_i/SLICE_1662:

   Name    Fanout   Delay (ns)          Site               Resource
ROUTE       999     2.249      E17.PADDI to    R37C68D.CLK clk_i_c
                  --------
                    2.249   (0.0% logic, 100.0% route), 0 logic levels.

      Destination Clock Path clk_i to cnn_top_inst/u_cnn/PBI_Z9myprojectP8ac_fixedILi12ELi4ELb1EL9ac_q_mode0EL9ac_o_mode0EES3_i0/Datapath_i/array_490354_0/ARRAY_1D_STD_BRAM_NN_instance/STD_NRNW_BRAM_GEN_instance/genblk1.STD_DP_BRAM_instance/SLICE_5297:

   Name    Fanout   Delay (ns)          Site               Resource
ROUTE       999     2.249      E17.PADDI to    R45C99C.CLK clk_i_c
                  --------
                    2.249   (0.0% logic, 100.0% route), 0 logic levels.


Passed: The following path meets requirements by 8.988ns

 Logical Details:  Cell type  Pin type       Cell/ASIC name  (clock net +/-)

   Source:         FF         Q              cnn_top_inst/u_cnn/PBI_Z9myprojectP8ac_fixedILi12ELi4ELb1EL9ac_q_mode0EL9ac_o_mode0EES3_i0/Controller_i/present_state_fast[2]  (from clk_i_c +)
   Destination:    FF         Data in        cnn_top_inst/u_cnn/PBI_Z9myprojectP8ac_fixedILi12ELi4ELb1EL9ac_q_mode0EL9ac_o_mode0EES3_i0/Datapath_i/array_490354_0/ARRAY_1D_STD_BRAM_NN_instance/STD_NRNW_BRAM_GEN_instance/genblk1.STD_DP_BRAM_instance/genblk2.data_out_mem[25]  (to clk_i_c +)

   Delay:              28.259ns  (13.1% logic, 86.9% route), 18 logic levels.

 Constraint Details:

     28.259ns physical path delay cnn_top_inst/u_cnn/PBI_Z9myprojectP8ac_fixedILi12ELi4ELb1EL9ac_q_mode0EL9ac_o_mode0EES3_i0/Controller_i/SLICE_1662 to cnn_top_inst/u_cnn/PBI_Z9myprojectP8ac_fixedILi12ELi4ELb1EL9ac_q_mode0EL9ac_o_mode0EES3_i0/Datapath_i/array_490354_0/ARRAY_1D_STD_BRAM_NN_instance/STD_NRNW_BRAM_GEN_instance/genblk1.STD_DP_BRAM_instance/SLICE_5296 meets
     37.037ns delay constraint less
      0.000ns skew and
     -0.210ns DIN_SET requirement (totaling 37.247ns) by 8.988ns

 Physical Path Details:

      Data path cnn_top_inst/u_cnn/PBI_Z9myprojectP8ac_fixedILi12ELi4ELb1EL9ac_q_mode0EL9ac_o_mode0EES3_i0/Controller_i/SLICE_1662 to cnn_top_inst/u_cnn/PBI_Z9myprojectP8ac_fixedILi12ELi4ELb1EL9ac_q_mode0EL9ac_o_mode0EES3_i0/Datapath_i/array_490354_0/ARRAY_1D_STD_BRAM_NN_instance/STD_NRNW_BRAM_GEN_instance/genblk1.STD_DP_BRAM_instance/SLICE_5296:

   Name    Fanout   Delay (ns)          Site               Resource
REG_DEL     ---     0.393    R37C68D.CLK to     R37C68D.Q1 cnn_top_inst/u_cnn/PBI_Z9myprojectP8ac_fixedILi12ELi4ELb1EL9ac_q_mode0EL9ac_o_mode0EES3_i0/Controller_i/SLICE_1662 (from clk_i_c)
ROUTE        10     3.038     R37C68D.Q1 to     R56C75B.A0 cnn_top_inst/u_cnn/PBI_Z9myprojectP8ac_fixedILi12ELi4ELb1EL9ac_q_mode0EL9ac_o_mode0EES3_i0/Controller_i/present_state_fast[2]
CTOF_DEL    ---     0.180     R56C75B.A0 to     R56C75B.F0 cnn_top_inst/u_cnn/PBI_Z9myprojectP8ac_fixedILi12ELi4ELb1EL9ac_q_mode0EL9ac_o_mode0EES3_i0/Controller_i/SLICE_14643
ROUTE         3     1.506     R56C75B.F0 to     R42C74B.C1 cnn_top_inst/u_cnn/PBI_Z9myprojectP8ac_fixedILi12ELi4ELb1EL9ac_q_mode0EL9ac_o_mode0EES3_i0/Controller_i/fuselector_ARRAY_1D_STD_BRAM_NN_SDS_0_i0_STORE_1_0_a2_32_21_5[108]
CTOF_DEL    ---     0.180     R42C74B.C1 to     R42C74B.F1 cnn_top_inst/u_cnn/PBI_Z9myprojectP8ac_fixedILi12ELi4ELb1EL9ac_q_mode0EL9ac_o_mode0EES3_i0/Controller_i/SLICE_14294
ROUTE         9     2.241     R42C74B.F1 to     R39C74A.B0 cnn_top_inst/u_cnn/PBI_Z9myprojectP8ac_fixedILi12ELi4ELb1EL9ac_q_mode0EL9ac_o_mode0EES3_i0/Controller_i/fuselector_ARRAY_1D_STD_BRAM_NN_SDS_0_i0_STORE_1_0_a2_32_21[108]
CTOF_DEL    ---     0.180     R39C74A.B0 to     R39C74A.F0 cnn_top_inst/u_cnn/PBI_Z9myprojectP8ac_fixedILi12ELi4ELb1EL9ac_q_mode0EL9ac_o_mode0EES3_i0/Controller_i/SLICE_14295
ROUTE         1     0.747     R39C74A.F0 to     R36C74A.B0 cnn_top_inst/u_cnn/PBI_Z9myprojectP8ac_fixedILi12ELi4ELb1EL9ac_q_mode0EL9ac_o_mode0EES3_i0/Controller_i/fuselector_m6_0_a2_4_6
CTOF_DEL    ---     0.180     R36C74A.B0 to     R36C74A.F0 cnn_top_inst/u_cnn/PBI_Z9myprojectP8ac_fixedILi12ELi4ELb1EL9ac_q_mode0EL9ac_o_mode0EES3_i0/Controller_i/SLICE_14194
ROUTE         1     0.478     R36C74A.F0 to     R40C74B.D0 cnn_top_inst/u_cnn/PBI_Z9myprojectP8ac_fixedILi12ELi4ELb1EL9ac_q_mode0EL9ac_o_mode0EES3_i0/Controller_i/fuselector_m6_0_a2_4_7
CTOF_DEL    ---     0.180     R40C74B.D0 to     R40C74B.F0 cnn_top_inst/u_cnn/PBI_Z9myprojectP8ac_fixedILi12ELi4ELb1EL9ac_q_mode0EL9ac_o_mode0EES3_i0/Controller_i/SLICE_13958
ROUTE         1     0.644     R40C74B.F0 to     R39C72C.C0 cnn_top_inst/u_cnn/PBI_Z9myprojectP8ac_fixedILi12ELi4ELb1EL9ac_q_mode0EL9ac_o_mode0EES3_i0/Controller_i/fuselector_N_5_0_0_tz
CTOF_DEL    ---     0.180     R39C72C.C0 to     R39C72C.F0 cnn_top_inst/u_cnn/PBI_Z9myprojectP8ac_fixedILi12ELi4ELb1EL9ac_q_mode0EL9ac_o_mode0EES3_i0/Controller_i/SLICE_13789
ROUTE         1     1.179     R39C72C.F0 to     R33C76A.B1 cnn_top_inst/u_cnn/PBI_Z9myprojectP8ac_fixedILi12ELi4ELb1EL9ac_q_mode0EL9ac_o_mode0EES3_i0/Controller_i/fuselector_ARRAY_1D_STD_BRAM_NN_SDS_0_i0_STORE_1_0_a2_1_c_tz[108]
CTOF_DEL    ---     0.180     R33C76A.B1 to     R33C76A.F1 cnn_top_inst/u_cnn/PBI_Z9myprojectP8ac_fixedILi12ELi4ELb1EL9ac_q_mode0EL9ac_o_mode0EES3_i0/SLICE_13455
ROUTE         2     0.588     R33C76A.F1 to     R33C78C.B1 cnn_top_inst/u_cnn/PBI_Z9myprojectP8ac_fixedILi12ELi4ELb1EL9ac_q_mode0EL9ac_o_mode0EES3_i0/fuselector_ARRAY_1D_STD_BRAM_NN_SDS_0_i0_STORE_1_0_o3[108]
CTOF_DEL    ---     0.180     R33C78C.B1 to     R33C78C.F1 cnn_top_inst/u_cnn/PBI_Z9myprojectP8ac_fixedILi12ELi4ELb1EL9ac_q_mode0EL9ac_o_mode0EES3_i0/SLICE_13508
ROUTE         3     1.021     R33C78C.F1 to     R35C87C.D1 cnn_top_inst/u_cnn/PBI_Z9myprojectP8ac_fixedILi12ELi4ELb1EL9ac_q_mode0EL9ac_o_mode0EES3_i0/r_N_5_mux
CTOF_DEL    ---     0.180     R35C87C.D1 to     R35C87C.F1 cnn_top_inst/u_cnn/PBI_Z9myprojectP8ac_fixedILi12ELi4ELb1EL9ac_q_mode0EL9ac_o_mode0EES3_i0/SLICE_13440
ROUTE         8     1.185     R35C87C.F1 to     R42C91B.A1 cnn_top_inst/u_cnn/PBI_Z9myprojectP8ac_fixedILi12ELi4ELb1EL9ac_q_mode0EL9ac_o_mode0EES3_i0/selector_MUX_10_ARRAY_1D_STD_BRAM_NN_SDS_0_i1_1_4_2
CTOF_DEL    ---     0.180     R42C91B.A1 to     R42C91B.F1 cnn_top_inst/u_cnn/PBI_Z9myprojectP8ac_fixedILi12ELi4ELb1EL9ac_q_mode0EL9ac_o_mode0EES3_i0/Datapath_i/SLICE_13441
ROUTE         4     0.599     R42C91B.F1 to     R41C91D.A0 cnn_top_inst/u_cnn/PBI_Z9myprojectP8ac_fixedILi12ELi4ELb1EL9ac_q_mode0EL9ac_o_mode0EES3_i0/Datapath_i/selector_MUX_10_ARRAY_1D_STD_BRAM_NN_SDS_0_i1_1_0_s1_9
CTOF_DEL    ---     0.180     R41C91D.A0 to     R41C91D.F0 cnn_top_inst/u_cnn/PBI_Z9myprojectP8ac_fixedILi12ELi4ELb1EL9ac_q_mode0EL9ac_o_mode0EES3_i0/Datapath_i/SLICE_13448
ROUTE         1     1.003     R41C91D.F0 to     R37C88D.C1 cnn_top_inst/u_cnn/PBI_Z9myprojectP8ac_fixedILi12ELi4ELb1EL9ac_q_mode0EL9ac_o_mode0EES3_i0/Datapath_i/MUX_10_ARRAY_1D_STD_BRAM_NN_SDS_0_i1_1_5_0/out1_m5_0_a2_2
CTOF_DEL    ---     0.180     R37C88D.C1 to     R37C88D.F1 cnn_top_inst/u_cnn/PBI_Z9myprojectP8ac_fixedILi12ELi4ELb1EL9ac_q_mode0EL9ac_o_mode0EES3_i0/Datapath_i/SLICE_13332
ROUTE       467     5.896     R37C88D.F1 to    R28C116D.D0 cnn_top_inst/u_cnn/PBI_Z9myprojectP8ac_fixedILi12ELi4ELb1EL9ac_q_mode0EL9ac_o_mode0EES3_i0/Datapath_i/out1_N_11_mux
CTOF_DEL    ---     0.180    R28C116D.D0 to    R28C116D.F0 cnn_top_inst/u_cnn/PBI_Z9myprojectP8ac_fixedILi12ELi4ELb1EL9ac_q_mode0EL9ac_o_mode0EES3_i0/Datapath_i/array_490354_0/ARRAY_1D_STD_BRAM_NN_instance/STD_NRNW_BRAM_GEN_instance/genblk1.STD_DP_BRAM_instance/SLICE_16694
ROUTE         1     0.763    R28C116D.F0 to    R28C114A.B1 cnn_top_inst/u_cnn/PBI_Z9myprojectP8ac_fixedILi12ELi4ELb1EL9ac_q_mode0EL9ac_o_mode0EES3_i0/Datapath_i/array_490354_0/ARRAY_1D_STD_BRAM_NN_instance/STD_NRNW_BRAM_GEN_instance/genblk1.STD_DP_BRAM_instance/ramout_92_bm_1[10]
CTOOFX_DEL  ---     0.306    R28C114A.B1 to  R28C114A.OFX0 cnn_top_inst/u_cnn/PBI_Z9myprojectP8ac_fixedILi12ELi4ELb1EL9ac_q_mode0EL9ac_o_mode0EES3_i0/Datapath_i/array_490354_0/ARRAY_1D_STD_BRAM_NN_instance/STD_NRNW_BRAM_GEN_instance/genblk1.STD_DP_BRAM_instance/memory.ram872__RNI23P33[10]/SLICE_9834
ROUTE         1     0.000  R28C114A.OFX0 to   R28C114A.FXB cnn_top_inst/u_cnn/PBI_Z9myprojectP8ac_fixedILi12ELi4ELb1EL9ac_q_mode0EL9ac_o_mode0EES3_i0/Datapath_i/array_490354_0/ARRAY_1D_STD_BRAM_NN_instance/STD_NRNW_BRAM_GEN_instance/genblk1.STD_DP_BRAM_instance/N_68013
FXTOF_DEL   ---     0.180   R28C114A.FXB to  R28C114A.OFX1 cnn_top_inst/u_cnn/PBI_Z9myprojectP8ac_fixedILi12ELi4ELb1EL9ac_q_mode0EL9ac_o_mode0EES3_i0/Datapath_i/array_490354_0/ARRAY_1D_STD_BRAM_NN_instance/STD_NRNW_BRAM_GEN_instance/genblk1.STD_DP_BRAM_instance/memory.ram872__RNI23P33[10]/SLICE_9834
ROUTE         2     2.322  R28C114A.OFX1 to     R41C92B.A0 cnn_top_inst/u_cnn/PBI_Z9myprojectP8ac_fixedILi12ELi4ELb1EL9ac_q_mode0EL9ac_o_mode0EES3_i0/Datapath_i/array_490354_0/ARRAY_1D_STD_BRAM_NN_instance/STD_NRNW_BRAM_GEN_instance/genblk1.STD_DP_BRAM_instance/N_68029
CTOF_DEL    ---     0.180     R41C92B.A0 to     R41C92B.F0 cnn_top_inst/u_cnn/PBI_Z9myprojectP8ac_fixedILi12ELi4ELb1EL9ac_q_mode0EL9ac_o_mode0EES3_i0/Datapath_i/SLICE_13303
ROUTE         2     1.344     R41C92B.F0 to     R45C99A.B0 cnn_top_inst/u_cnn/PBI_Z9myprojectP8ac_fixedILi12ELi4ELb1EL9ac_q_mode0EL9ac_o_mode0EES3_i0/Datapath_i/array_490354_0/ARRAY_1D_STD_BRAM_NN_instance/STD_NRNW_BRAM_GEN_instance/genblk1.STD_DP_BRAM_instance/N_68557
CTOOFX_DEL  ---     0.306     R45C99A.B0 to   R45C99A.OFX0 cnn_top_inst/u_cnn/PBI_Z9myprojectP8ac_fixedILi12ELi4ELb1EL9ac_q_mode0EL9ac_o_mode0EES3_i0/Datapath_i/array_490354_0/ARRAY_1D_STD_BRAM_NN_instance/STD_NRNW_BRAM_GEN_instance/genblk1.STD_DP_BRAM_instance/SLICE_5296
ROUTE         1     0.000   R45C99A.OFX0 to    R45C99A.DI0 cnn_top_inst/u_cnn/PBI_Z9myprojectP8ac_fixedILi12ELi4ELb1EL9ac_q_mode0EL9ac_o_mode0EES3_i0/Datapath_i/array_490354_0/ARRAY_1D_STD_BRAM_NN_instance/STD_NRNW_BRAM_GEN_instance/genblk1.STD_DP_BRAM_instance/memory[25] (to clk_i_c)
                  --------
                   28.259   (13.1% logic, 86.9% route), 18 logic levels.

 Clock Skew Details: 

      Source Clock Path clk_i to cnn_top_inst/u_cnn/PBI_Z9myprojectP8ac_fixedILi12ELi4ELb1EL9ac_q_mode0EL9ac_o_mode0EES3_i0/Controller_i/SLICE_1662:

   Name    Fanout   Delay (ns)          Site               Resource
ROUTE       999     2.249      E17.PADDI to    R37C68D.CLK clk_i_c
                  --------
                    2.249   (0.0% logic, 100.0% route), 0 logic levels.

      Destination Clock Path clk_i to cnn_top_inst/u_cnn/PBI_Z9myprojectP8ac_fixedILi12ELi4ELb1EL9ac_q_mode0EL9ac_o_mode0EES3_i0/Datapath_i/array_490354_0/ARRAY_1D_STD_BRAM_NN_instance/STD_NRNW_BRAM_GEN_instance/genblk1.STD_DP_BRAM_instance/SLICE_5296:

   Name    Fanout   Delay (ns)          Site               Resource
ROUTE       999     2.249      E17.PADDI to    R45C99A.CLK clk_i_c
                  --------
                    2.249   (0.0% logic, 100.0% route), 0 logic levels.


Passed: The following path meets requirements by 9.045ns

 Logical Details:  Cell type  Pin type       Cell/ASIC name  (clock net +/-)

   Source:         FF         Q              cnn_top_inst/u_cnn/PBI_Z9myprojectP8ac_fixedILi12ELi4ELb1EL9ac_q_mode0EL9ac_o_mode0EES3_i0/Controller_i/present_state[15]  (from clk_i_c +)
   Destination:    FF         Data in        cnn_top_inst/u_cnn/PBI_Z9myprojectP8ac_fixedILi12ELi4ELb1EL9ac_q_mode0EL9ac_o_mode0EES3_i0/Datapath_i/array_490354_0/ARRAY_1D_STD_BRAM_NN_instance/STD_NRNW_BRAM_GEN_instance/genblk1.STD_DP_BRAM_instance/genblk2.data_out_mem[26]  (to clk_i_c +)

   Delay:              28.202ns  (13.1% logic, 86.9% route), 18 logic levels.

 Constraint Details:

     28.202ns physical path delay cnn_top_inst/u_cnn/PBI_Z9myprojectP8ac_fixedILi12ELi4ELb1EL9ac_q_mode0EL9ac_o_mode0EES3_i0/Controller_i/SLICE_1551 to cnn_top_inst/u_cnn/PBI_Z9myprojectP8ac_fixedILi12ELi4ELb1EL9ac_q_mode0EL9ac_o_mode0EES3_i0/Datapath_i/array_490354_0/ARRAY_1D_STD_BRAM_NN_instance/STD_NRNW_BRAM_GEN_instance/genblk1.STD_DP_BRAM_instance/SLICE_5297 meets
     37.037ns delay constraint less
      0.000ns skew and
     -0.210ns DIN_SET requirement (totaling 37.247ns) by 9.045ns

 Physical Path Details:

      Data path cnn_top_inst/u_cnn/PBI_Z9myprojectP8ac_fixedILi12ELi4ELb1EL9ac_q_mode0EL9ac_o_mode0EES3_i0/Controller_i/SLICE_1551 to cnn_top_inst/u_cnn/PBI_Z9myprojectP8ac_fixedILi12ELi4ELb1EL9ac_q_mode0EL9ac_o_mode0EES3_i0/Datapath_i/array_490354_0/ARRAY_1D_STD_BRAM_NN_instance/STD_NRNW_BRAM_GEN_instance/genblk1.STD_DP_BRAM_instance/SLICE_5297:

   Name    Fanout   Delay (ns)          Site               Resource
REG_DEL     ---     0.395    R32C72A.CLK to     R32C72A.Q0 cnn_top_inst/u_cnn/PBI_Z9myprojectP8ac_fixedILi12ELi4ELb1EL9ac_q_mode0EL9ac_o_mode0EES3_i0/Controller_i/SLICE_1551 (from clk_i_c)
ROUTE        15     3.076     R32C72A.Q0 to     R48C70C.C1 cnn_top_inst/u_cnn/PBI_Z9myprojectP8ac_fixedILi12ELi4ELb1EL9ac_q_mode0EL9ac_o_mode0EES3_i0/Controller_i/present_state[15]
CTOF_DEL    ---     0.180     R48C70C.C1 to     R48C70C.F1 cnn_top_inst/u_cnn/PBI_Z9myprojectP8ac_fixedILi12ELi4ELb1EL9ac_q_mode0EL9ac_o_mode0EES3_i0/Controller_i/SLICE_15135
ROUTE         1     0.410     R48C70C.F1 to     R48C70D.A0 cnn_top_inst/u_cnn/PBI_Z9myprojectP8ac_fixedILi12ELi4ELb1EL9ac_q_mode0EL9ac_o_mode0EES3_i0/Controller_i/m84_e_s_0_2
CTOF_DEL    ---     0.180     R48C70D.A0 to     R48C70D.F0 cnn_top_inst/u_cnn/PBI_Z9myprojectP8ac_fixedILi12ELi4ELb1EL9ac_q_mode0EL9ac_o_mode0EES3_i0/Controller_i/SLICE_14517
ROUTE         1     1.152     R48C70D.F0 to     R56C74D.B0 cnn_top_inst/u_cnn/PBI_Z9myprojectP8ac_fixedILi12ELi4ELb1EL9ac_q_mode0EL9ac_o_mode0EES3_i0/Controller_i/m84_e_s_0_5
CTOF_DEL    ---     0.180     R56C74D.B0 to     R56C74D.F0 cnn_top_inst/u_cnn/PBI_Z9myprojectP8ac_fixedILi12ELi4ELb1EL9ac_q_mode0EL9ac_o_mode0EES3_i0/Controller_i/SLICE_14402
ROUTE         1     0.666     R56C74D.F0 to     R52C74A.C0 cnn_top_inst/u_cnn/PBI_Z9myprojectP8ac_fixedILi12ELi4ELb1EL9ac_q_mode0EL9ac_o_mode0EES3_i0/Controller_i/m84_e_s_0_7
CTOF_DEL    ---     0.180     R52C74A.C0 to     R52C74A.F0 cnn_top_inst/u_cnn/PBI_Z9myprojectP8ac_fixedILi12ELi4ELb1EL9ac_q_mode0EL9ac_o_mode0EES3_i0/Controller_i/SLICE_14180
ROUTE         6     1.273     R52C74A.F0 to     R47C69D.A1 cnn_top_inst/u_cnn/PBI_Z9myprojectP8ac_fixedILi12ELi4ELb1EL9ac_q_mode0EL9ac_o_mode0EES3_i0/Controller_i/m84_e_out_0
CTOF_DEL    ---     0.180     R47C69D.A1 to     R47C69D.F1 cnn_top_inst/u_cnn/PBI_Z9myprojectP8ac_fixedILi12ELi4ELb1EL9ac_q_mode0EL9ac_o_mode0EES3_i0/Controller_i/SLICE_13623
ROUTE         7     2.272     R47C69D.F1 to     R43C86C.C1 cnn_top_inst/u_cnn/PBI_Z9myprojectP8ac_fixedILi12ELi4ELb1EL9ac_q_mode0EL9ac_o_mode0EES3_i0/Controller_i/N_331
CTOF_DEL    ---     0.180     R43C86C.C1 to     R43C86C.F1 cnn_top_inst/u_cnn/PBI_Z9myprojectP8ac_fixedILi12ELi4ELb1EL9ac_q_mode0EL9ac_o_mode0EES3_i0/SLICE_13485
ROUTE         4     0.868     R43C86C.F1 to     R42C87B.C1 cnn_top_inst/u_cnn/PBI_Z9myprojectP8ac_fixedILi12ELi4ELb1EL9ac_q_mode0EL9ac_o_mode0EES3_i0/N_406
CTOF_DEL    ---     0.180     R42C87B.C1 to     R42C87B.F1 cnn_top_inst/u_cnn/PBI_Z9myprojectP8ac_fixedILi12ELi4ELb1EL9ac_q_mode0EL9ac_o_mode0EES3_i0/SLICE_13512
ROUTE         5     0.977     R42C87B.F1 to     R43C88A.B0 cnn_top_inst/u_cnn/PBI_Z9myprojectP8ac_fixedILi12ELi4ELb1EL9ac_q_mode0EL9ac_o_mode0EES3_i0/selector_MUX_4_ARRAY_1D_STD_BRAM_NN_SDS_0_i0_1_2_1
CTOF_DEL    ---     0.180     R43C88A.B0 to     R43C88A.F0 cnn_top_inst/u_cnn/PBI_Z9myprojectP8ac_fixedILi12ELi4ELb1EL9ac_q_mode0EL9ac_o_mode0EES3_i0/SLICE_13452
ROUTE         1     1.153     R43C88A.F0 to     R38C81C.A0 cnn_top_inst/u_cnn/PBI_Z9myprojectP8ac_fixedILi12ELi4ELb1EL9ac_q_mode0EL9ac_o_mode0EES3_i0/Datapath_i/MUX_10_ARRAY_1D_STD_BRAM_NN_SDS_0_i1_1_5_0/out1_m2
CTOF_DEL    ---     0.180     R38C81C.A0 to     R38C81C.F0 cnn_top_inst/u_cnn/PBI_Z9myprojectP8ac_fixedILi12ELi4ELb1EL9ac_q_mode0EL9ac_o_mode0EES3_i0/SLICE_13453
ROUTE         1     1.216     R38C81C.F0 to     R33C76A.A0 cnn_top_inst/u_cnn/PBI_Z9myprojectP8ac_fixedILi12ELi4ELb1EL9ac_q_mode0EL9ac_o_mode0EES3_i0/Datapath_i/MUX_10_ARRAY_1D_STD_BRAM_NN_SDS_0_i1_1_5_0/out1_m5_0_a2_0_1
CTOF_DEL    ---     0.180     R33C76A.A0 to     R33C76A.F0 cnn_top_inst/u_cnn/PBI_Z9myprojectP8ac_fixedILi12ELi4ELb1EL9ac_q_mode0EL9ac_o_mode0EES3_i0/SLICE_13455
ROUTE         1     0.966     R33C76A.F0 to     R37C88A.D0 cnn_top_inst/u_cnn/PBI_Z9myprojectP8ac_fixedILi12ELi4ELb1EL9ac_q_mode0EL9ac_o_mode0EES3_i0/Datapath_i/MUX_10_ARRAY_1D_STD_BRAM_NN_SDS_0_i1_1_5_0/out1_m5_0_a2_1_N_5L7
CTOF_DEL    ---     0.180     R37C88A.D0 to     R37C88A.F0 cnn_top_inst/u_cnn/PBI_Z9myprojectP8ac_fixedILi12ELi4ELb1EL9ac_q_mode0EL9ac_o_mode0EES3_i0/Datapath_i/SLICE_13454
ROUTE         1     0.140     R37C88A.F0 to     R37C88D.D1 cnn_top_inst/u_cnn/PBI_Z9myprojectP8ac_fixedILi12ELi4ELb1EL9ac_q_mode0EL9ac_o_mode0EES3_i0/Datapath_i/MUX_10_ARRAY_1D_STD_BRAM_NN_SDS_0_i1_1_5_0/out1_m5_0_a2_1
CTOF_DEL    ---     0.180     R37C88D.D1 to     R37C88D.F1 cnn_top_inst/u_cnn/PBI_Z9myprojectP8ac_fixedILi12ELi4ELb1EL9ac_q_mode0EL9ac_o_mode0EES3_i0/Datapath_i/SLICE_13332
ROUTE       467     5.896     R37C88D.F1 to    R28C116D.D0 cnn_top_inst/u_cnn/PBI_Z9myprojectP8ac_fixedILi12ELi4ELb1EL9ac_q_mode0EL9ac_o_mode0EES3_i0/Datapath_i/out1_N_11_mux
CTOF_DEL    ---     0.180    R28C116D.D0 to    R28C116D.F0 cnn_top_inst/u_cnn/PBI_Z9myprojectP8ac_fixedILi12ELi4ELb1EL9ac_q_mode0EL9ac_o_mode0EES3_i0/Datapath_i/array_490354_0/ARRAY_1D_STD_BRAM_NN_instance/STD_NRNW_BRAM_GEN_instance/genblk1.STD_DP_BRAM_instance/SLICE_16694
ROUTE         1     0.763    R28C116D.F0 to    R28C114A.B1 cnn_top_inst/u_cnn/PBI_Z9myprojectP8ac_fixedILi12ELi4ELb1EL9ac_q_mode0EL9ac_o_mode0EES3_i0/Datapath_i/array_490354_0/ARRAY_1D_STD_BRAM_NN_instance/STD_NRNW_BRAM_GEN_instance/genblk1.STD_DP_BRAM_instance/ramout_92_bm_1[10]
CTOOFX_DEL  ---     0.306    R28C114A.B1 to  R28C114A.OFX0 cnn_top_inst/u_cnn/PBI_Z9myprojectP8ac_fixedILi12ELi4ELb1EL9ac_q_mode0EL9ac_o_mode0EES3_i0/Datapath_i/array_490354_0/ARRAY_1D_STD_BRAM_NN_instance/STD_NRNW_BRAM_GEN_instance/genblk1.STD_DP_BRAM_instance/memory.ram872__RNI23P33[10]/SLICE_9834
ROUTE         1     0.000  R28C114A.OFX0 to   R28C114A.FXB cnn_top_inst/u_cnn/PBI_Z9myprojectP8ac_fixedILi12ELi4ELb1EL9ac_q_mode0EL9ac_o_mode0EES3_i0/Datapath_i/array_490354_0/ARRAY_1D_STD_BRAM_NN_instance/STD_NRNW_BRAM_GEN_instance/genblk1.STD_DP_BRAM_instance/N_68013
FXTOF_DEL   ---     0.180   R28C114A.FXB to  R28C114A.OFX1 cnn_top_inst/u_cnn/PBI_Z9myprojectP8ac_fixedILi12ELi4ELb1EL9ac_q_mode0EL9ac_o_mode0EES3_i0/Datapath_i/array_490354_0/ARRAY_1D_STD_BRAM_NN_instance/STD_NRNW_BRAM_GEN_instance/genblk1.STD_DP_BRAM_instance/memory.ram872__RNI23P33[10]/SLICE_9834
ROUTE         2     2.322  R28C114A.OFX1 to     R41C92B.A0 cnn_top_inst/u_cnn/PBI_Z9myprojectP8ac_fixedILi12ELi4ELb1EL9ac_q_mode0EL9ac_o_mode0EES3_i0/Datapath_i/array_490354_0/ARRAY_1D_STD_BRAM_NN_instance/STD_NRNW_BRAM_GEN_instance/genblk1.STD_DP_BRAM_instance/N_68029
CTOF_DEL    ---     0.180     R41C92B.A0 to     R41C92B.F0 cnn_top_inst/u_cnn/PBI_Z9myprojectP8ac_fixedILi12ELi4ELb1EL9ac_q_mode0EL9ac_o_mode0EES3_i0/Datapath_i/SLICE_13303
ROUTE         2     1.345     R41C92B.F0 to     R45C99C.A0 cnn_top_inst/u_cnn/PBI_Z9myprojectP8ac_fixedILi12ELi4ELb1EL9ac_q_mode0EL9ac_o_mode0EES3_i0/Datapath_i/array_490354_0/ARRAY_1D_STD_BRAM_NN_instance/STD_NRNW_BRAM_GEN_instance/genblk1.STD_DP_BRAM_instance/N_68557
CTOOFX_DEL  ---     0.306     R45C99C.A0 to   R45C99C.OFX0 cnn_top_inst/u_cnn/PBI_Z9myprojectP8ac_fixedILi12ELi4ELb1EL9ac_q_mode0EL9ac_o_mode0EES3_i0/Datapath_i/array_490354_0/ARRAY_1D_STD_BRAM_NN_instance/STD_NRNW_BRAM_GEN_instance/genblk1.STD_DP_BRAM_instance/SLICE_5297
ROUTE         1     0.000   R45C99C.OFX0 to    R45C99C.DI0 cnn_top_inst/u_cnn/PBI_Z9myprojectP8ac_fixedILi12ELi4ELb1EL9ac_q_mode0EL9ac_o_mode0EES3_i0/Datapath_i/array_490354_0/ARRAY_1D_STD_BRAM_NN_instance/STD_NRNW_BRAM_GEN_instance/genblk1.STD_DP_BRAM_instance/memory[26] (to clk_i_c)
                  --------
                   28.202   (13.1% logic, 86.9% route), 18 logic levels.

 Clock Skew Details: 

      Source Clock Path clk_i to cnn_top_inst/u_cnn/PBI_Z9myprojectP8ac_fixedILi12ELi4ELb1EL9ac_q_mode0EL9ac_o_mode0EES3_i0/Controller_i/SLICE_1551:

   Name    Fanout   Delay (ns)          Site               Resource
ROUTE       999     2.249      E17.PADDI to    R32C72A.CLK clk_i_c
                  --------
                    2.249   (0.0% logic, 100.0% route), 0 logic levels.

      Destination Clock Path clk_i to cnn_top_inst/u_cnn/PBI_Z9myprojectP8ac_fixedILi12ELi4ELb1EL9ac_q_mode0EL9ac_o_mode0EES3_i0/Datapath_i/array_490354_0/ARRAY_1D_STD_BRAM_NN_instance/STD_NRNW_BRAM_GEN_instance/genblk1.STD_DP_BRAM_instance/SLICE_5297:

   Name    Fanout   Delay (ns)          Site               Resource
ROUTE       999     2.249      E17.PADDI to    R45C99C.CLK clk_i_c
                  --------
                    2.249   (0.0% logic, 100.0% route), 0 logic levels.


Passed: The following path meets requirements by 9.046ns

 Logical Details:  Cell type  Pin type       Cell/ASIC name  (clock net +/-)

   Source:         FF         Q              cnn_top_inst/u_cnn/PBI_Z9myprojectP8ac_fixedILi12ELi4ELb1EL9ac_q_mode0EL9ac_o_mode0EES3_i0/Controller_i/present_state[15]  (from clk_i_c +)
   Destination:    FF         Data in        cnn_top_inst/u_cnn/PBI_Z9myprojectP8ac_fixedILi12ELi4ELb1EL9ac_q_mode0EL9ac_o_mode0EES3_i0/Datapath_i/array_490354_0/ARRAY_1D_STD_BRAM_NN_instance/STD_NRNW_BRAM_GEN_instance/genblk1.STD_DP_BRAM_instance/genblk2.data_out_mem[25]  (to clk_i_c +)

   Delay:              28.201ns  (13.1% logic, 86.9% route), 18 logic levels.

 Constraint Details:

     28.201ns physical path delay cnn_top_inst/u_cnn/PBI_Z9myprojectP8ac_fixedILi12ELi4ELb1EL9ac_q_mode0EL9ac_o_mode0EES3_i0/Controller_i/SLICE_1551 to cnn_top_inst/u_cnn/PBI_Z9myprojectP8ac_fixedILi12ELi4ELb1EL9ac_q_mode0EL9ac_o_mode0EES3_i0/Datapath_i/array_490354_0/ARRAY_1D_STD_BRAM_NN_instance/STD_NRNW_BRAM_GEN_instance/genblk1.STD_DP_BRAM_instance/SLICE_5296 meets
     37.037ns delay constraint less
      0.000ns skew and
     -0.210ns DIN_SET requirement (totaling 37.247ns) by 9.046ns

 Physical Path Details:

      Data path cnn_top_inst/u_cnn/PBI_Z9myprojectP8ac_fixedILi12ELi4ELb1EL9ac_q_mode0EL9ac_o_mode0EES3_i0/Controller_i/SLICE_1551 to cnn_top_inst/u_cnn/PBI_Z9myprojectP8ac_fixedILi12ELi4ELb1EL9ac_q_mode0EL9ac_o_mode0EES3_i0/Datapath_i/array_490354_0/ARRAY_1D_STD_BRAM_NN_instance/STD_NRNW_BRAM_GEN_instance/genblk1.STD_DP_BRAM_instance/SLICE_5296:

   Name    Fanout   Delay (ns)          Site               Resource
REG_DEL     ---     0.395    R32C72A.CLK to     R32C72A.Q0 cnn_top_inst/u_cnn/PBI_Z9myprojectP8ac_fixedILi12ELi4ELb1EL9ac_q_mode0EL9ac_o_mode0EES3_i0/Controller_i/SLICE_1551 (from clk_i_c)
ROUTE        15     3.076     R32C72A.Q0 to     R48C70C.C1 cnn_top_inst/u_cnn/PBI_Z9myprojectP8ac_fixedILi12ELi4ELb1EL9ac_q_mode0EL9ac_o_mode0EES3_i0/Controller_i/present_state[15]
CTOF_DEL    ---     0.180     R48C70C.C1 to     R48C70C.F1 cnn_top_inst/u_cnn/PBI_Z9myprojectP8ac_fixedILi12ELi4ELb1EL9ac_q_mode0EL9ac_o_mode0EES3_i0/Controller_i/SLICE_15135
ROUTE         1     0.410     R48C70C.F1 to     R48C70D.A0 cnn_top_inst/u_cnn/PBI_Z9myprojectP8ac_fixedILi12ELi4ELb1EL9ac_q_mode0EL9ac_o_mode0EES3_i0/Controller_i/m84_e_s_0_2
CTOF_DEL    ---     0.180     R48C70D.A0 to     R48C70D.F0 cnn_top_inst/u_cnn/PBI_Z9myprojectP8ac_fixedILi12ELi4ELb1EL9ac_q_mode0EL9ac_o_mode0EES3_i0/Controller_i/SLICE_14517
ROUTE         1     1.152     R48C70D.F0 to     R56C74D.B0 cnn_top_inst/u_cnn/PBI_Z9myprojectP8ac_fixedILi12ELi4ELb1EL9ac_q_mode0EL9ac_o_mode0EES3_i0/Controller_i/m84_e_s_0_5
CTOF_DEL    ---     0.180     R56C74D.B0 to     R56C74D.F0 cnn_top_inst/u_cnn/PBI_Z9myprojectP8ac_fixedILi12ELi4ELb1EL9ac_q_mode0EL9ac_o_mode0EES3_i0/Controller_i/SLICE_14402
ROUTE         1     0.666     R56C74D.F0 to     R52C74A.C0 cnn_top_inst/u_cnn/PBI_Z9myprojectP8ac_fixedILi12ELi4ELb1EL9ac_q_mode0EL9ac_o_mode0EES3_i0/Controller_i/m84_e_s_0_7
CTOF_DEL    ---     0.180     R52C74A.C0 to     R52C74A.F0 cnn_top_inst/u_cnn/PBI_Z9myprojectP8ac_fixedILi12ELi4ELb1EL9ac_q_mode0EL9ac_o_mode0EES3_i0/Controller_i/SLICE_14180
ROUTE         6     1.273     R52C74A.F0 to     R47C69D.A1 cnn_top_inst/u_cnn/PBI_Z9myprojectP8ac_fixedILi12ELi4ELb1EL9ac_q_mode0EL9ac_o_mode0EES3_i0/Controller_i/m84_e_out_0
CTOF_DEL    ---     0.180     R47C69D.A1 to     R47C69D.F1 cnn_top_inst/u_cnn/PBI_Z9myprojectP8ac_fixedILi12ELi4ELb1EL9ac_q_mode0EL9ac_o_mode0EES3_i0/Controller_i/SLICE_13623
ROUTE         7     2.272     R47C69D.F1 to     R43C86C.C1 cnn_top_inst/u_cnn/PBI_Z9myprojectP8ac_fixedILi12ELi4ELb1EL9ac_q_mode0EL9ac_o_mode0EES3_i0/Controller_i/N_331
CTOF_DEL    ---     0.180     R43C86C.C1 to     R43C86C.F1 cnn_top_inst/u_cnn/PBI_Z9myprojectP8ac_fixedILi12ELi4ELb1EL9ac_q_mode0EL9ac_o_mode0EES3_i0/SLICE_13485
ROUTE         4     0.868     R43C86C.F1 to     R42C87B.C1 cnn_top_inst/u_cnn/PBI_Z9myprojectP8ac_fixedILi12ELi4ELb1EL9ac_q_mode0EL9ac_o_mode0EES3_i0/N_406
CTOF_DEL    ---     0.180     R42C87B.C1 to     R42C87B.F1 cnn_top_inst/u_cnn/PBI_Z9myprojectP8ac_fixedILi12ELi4ELb1EL9ac_q_mode0EL9ac_o_mode0EES3_i0/SLICE_13512
ROUTE         5     0.977     R42C87B.F1 to     R43C88A.B0 cnn_top_inst/u_cnn/PBI_Z9myprojectP8ac_fixedILi12ELi4ELb1EL9ac_q_mode0EL9ac_o_mode0EES3_i0/selector_MUX_4_ARRAY_1D_STD_BRAM_NN_SDS_0_i0_1_2_1
CTOF_DEL    ---     0.180     R43C88A.B0 to     R43C88A.F0 cnn_top_inst/u_cnn/PBI_Z9myprojectP8ac_fixedILi12ELi4ELb1EL9ac_q_mode0EL9ac_o_mode0EES3_i0/SLICE_13452
ROUTE         1     1.153     R43C88A.F0 to     R38C81C.A0 cnn_top_inst/u_cnn/PBI_Z9myprojectP8ac_fixedILi12ELi4ELb1EL9ac_q_mode0EL9ac_o_mode0EES3_i0/Datapath_i/MUX_10_ARRAY_1D_STD_BRAM_NN_SDS_0_i1_1_5_0/out1_m2
CTOF_DEL    ---     0.180     R38C81C.A0 to     R38C81C.F0 cnn_top_inst/u_cnn/PBI_Z9myprojectP8ac_fixedILi12ELi4ELb1EL9ac_q_mode0EL9ac_o_mode0EES3_i0/SLICE_13453
ROUTE         1     1.216     R38C81C.F0 to     R33C76A.A0 cnn_top_inst/u_cnn/PBI_Z9myprojectP8ac_fixedILi12ELi4ELb1EL9ac_q_mode0EL9ac_o_mode0EES3_i0/Datapath_i/MUX_10_ARRAY_1D_STD_BRAM_NN_SDS_0_i1_1_5_0/out1_m5_0_a2_0_1
CTOF_DEL    ---     0.180     R33C76A.A0 to     R33C76A.F0 cnn_top_inst/u_cnn/PBI_Z9myprojectP8ac_fixedILi12ELi4ELb1EL9ac_q_mode0EL9ac_o_mode0EES3_i0/SLICE_13455
ROUTE         1     0.966     R33C76A.F0 to     R37C88A.D0 cnn_top_inst/u_cnn/PBI_Z9myprojectP8ac_fixedILi12ELi4ELb1EL9ac_q_mode0EL9ac_o_mode0EES3_i0/Datapath_i/MUX_10_ARRAY_1D_STD_BRAM_NN_SDS_0_i1_1_5_0/out1_m5_0_a2_1_N_5L7
CTOF_DEL    ---     0.180     R37C88A.D0 to     R37C88A.F0 cnn_top_inst/u_cnn/PBI_Z9myprojectP8ac_fixedILi12ELi4ELb1EL9ac_q_mode0EL9ac_o_mode0EES3_i0/Datapath_i/SLICE_13454
ROUTE         1     0.140     R37C88A.F0 to     R37C88D.D1 cnn_top_inst/u_cnn/PBI_Z9myprojectP8ac_fixedILi12ELi4ELb1EL9ac_q_mode0EL9ac_o_mode0EES3_i0/Datapath_i/MUX_10_ARRAY_1D_STD_BRAM_NN_SDS_0_i1_1_5_0/out1_m5_0_a2_1
CTOF_DEL    ---     0.180     R37C88D.D1 to     R37C88D.F1 cnn_top_inst/u_cnn/PBI_Z9myprojectP8ac_fixedILi12ELi4ELb1EL9ac_q_mode0EL9ac_o_mode0EES3_i0/Datapath_i/SLICE_13332
ROUTE       467     5.896     R37C88D.F1 to    R28C116D.D0 cnn_top_inst/u_cnn/PBI_Z9myprojectP8ac_fixedILi12ELi4ELb1EL9ac_q_mode0EL9ac_o_mode0EES3_i0/Datapath_i/out1_N_11_mux
CTOF_DEL    ---     0.180    R28C116D.D0 to    R28C116D.F0 cnn_top_inst/u_cnn/PBI_Z9myprojectP8ac_fixedILi12ELi4ELb1EL9ac_q_mode0EL9ac_o_mode0EES3_i0/Datapath_i/array_490354_0/ARRAY_1D_STD_BRAM_NN_instance/STD_NRNW_BRAM_GEN_instance/genblk1.STD_DP_BRAM_instance/SLICE_16694
ROUTE         1     0.763    R28C116D.F0 to    R28C114A.B1 cnn_top_inst/u_cnn/PBI_Z9myprojectP8ac_fixedILi12ELi4ELb1EL9ac_q_mode0EL9ac_o_mode0EES3_i0/Datapath_i/array_490354_0/ARRAY_1D_STD_BRAM_NN_instance/STD_NRNW_BRAM_GEN_instance/genblk1.STD_DP_BRAM_instance/ramout_92_bm_1[10]
CTOOFX_DEL  ---     0.306    R28C114A.B1 to  R28C114A.OFX0 cnn_top_inst/u_cnn/PBI_Z9myprojectP8ac_fixedILi12ELi4ELb1EL9ac_q_mode0EL9ac_o_mode0EES3_i0/Datapath_i/array_490354_0/ARRAY_1D_STD_BRAM_NN_instance/STD_NRNW_BRAM_GEN_instance/genblk1.STD_DP_BRAM_instance/memory.ram872__RNI23P33[10]/SLICE_9834
ROUTE         1     0.000  R28C114A.OFX0 to   R28C114A.FXB cnn_top_inst/u_cnn/PBI_Z9myprojectP8ac_fixedILi12ELi4ELb1EL9ac_q_mode0EL9ac_o_mode0EES3_i0/Datapath_i/array_490354_0/ARRAY_1D_STD_BRAM_NN_instance/STD_NRNW_BRAM_GEN_instance/genblk1.STD_DP_BRAM_instance/N_68013
FXTOF_DEL   ---     0.180   R28C114A.FXB to  R28C114A.OFX1 cnn_top_inst/u_cnn/PBI_Z9myprojectP8ac_fixedILi12ELi4ELb1EL9ac_q_mode0EL9ac_o_mode0EES3_i0/Datapath_i/array_490354_0/ARRAY_1D_STD_BRAM_NN_instance/STD_NRNW_BRAM_GEN_instance/genblk1.STD_DP_BRAM_instance/memory.ram872__RNI23P33[10]/SLICE_9834
ROUTE         2     2.322  R28C114A.OFX1 to     R41C92B.A0 cnn_top_inst/u_cnn/PBI_Z9myprojectP8ac_fixedILi12ELi4ELb1EL9ac_q_mode0EL9ac_o_mode0EES3_i0/Datapath_i/array_490354_0/ARRAY_1D_STD_BRAM_NN_instance/STD_NRNW_BRAM_GEN_instance/genblk1.STD_DP_BRAM_instance/N_68029
CTOF_DEL    ---     0.180     R41C92B.A0 to     R41C92B.F0 cnn_top_inst/u_cnn/PBI_Z9myprojectP8ac_fixedILi12ELi4ELb1EL9ac_q_mode0EL9ac_o_mode0EES3_i0/Datapath_i/SLICE_13303
ROUTE         2     1.344     R41C92B.F0 to     R45C99A.B0 cnn_top_inst/u_cnn/PBI_Z9myprojectP8ac_fixedILi12ELi4ELb1EL9ac_q_mode0EL9ac_o_mode0EES3_i0/Datapath_i/array_490354_0/ARRAY_1D_STD_BRAM_NN_instance/STD_NRNW_BRAM_GEN_instance/genblk1.STD_DP_BRAM_instance/N_68557
CTOOFX_DEL  ---     0.306     R45C99A.B0 to   R45C99A.OFX0 cnn_top_inst/u_cnn/PBI_Z9myprojectP8ac_fixedILi12ELi4ELb1EL9ac_q_mode0EL9ac_o_mode0EES3_i0/Datapath_i/array_490354_0/ARRAY_1D_STD_BRAM_NN_instance/STD_NRNW_BRAM_GEN_instance/genblk1.STD_DP_BRAM_instance/SLICE_5296
ROUTE         1     0.000   R45C99A.OFX0 to    R45C99A.DI0 cnn_top_inst/u_cnn/PBI_Z9myprojectP8ac_fixedILi12ELi4ELb1EL9ac_q_mode0EL9ac_o_mode0EES3_i0/Datapath_i/array_490354_0/ARRAY_1D_STD_BRAM_NN_instance/STD_NRNW_BRAM_GEN_instance/genblk1.STD_DP_BRAM_instance/memory[25] (to clk_i_c)
                  --------
                   28.201   (13.1% logic, 86.9% route), 18 logic levels.

 Clock Skew Details: 

      Source Clock Path clk_i to cnn_top_inst/u_cnn/PBI_Z9myprojectP8ac_fixedILi12ELi4ELb1EL9ac_q_mode0EL9ac_o_mode0EES3_i0/Controller_i/SLICE_1551:

   Name    Fanout   Delay (ns)          Site               Resource
ROUTE       999     2.249      E17.PADDI to    R32C72A.CLK clk_i_c
                  --------
                    2.249   (0.0% logic, 100.0% route), 0 logic levels.

      Destination Clock Path clk_i to cnn_top_inst/u_cnn/PBI_Z9myprojectP8ac_fixedILi12ELi4ELb1EL9ac_q_mode0EL9ac_o_mode0EES3_i0/Datapath_i/array_490354_0/ARRAY_1D_STD_BRAM_NN_instance/STD_NRNW_BRAM_GEN_instance/genblk1.STD_DP_BRAM_instance/SLICE_5296:

   Name    Fanout   Delay (ns)          Site               Resource
ROUTE       999     2.249      E17.PADDI to    R45C99A.CLK clk_i_c
                  --------
                    2.249   (0.0% logic, 100.0% route), 0 logic levels.


Passed: The following path meets requirements by 9.138ns

 Logical Details:  Cell type  Pin type       Cell/ASIC name  (clock net +/-)

   Source:         FF         Q              cnn_top_inst/u_cnn/PBI_Z9myprojectP8ac_fixedILi12ELi4ELb1EL9ac_q_mode0EL9ac_o_mode0EES3_i0/Controller_i/present_state[221]  (from clk_i_c +)
   Destination:    FF         Data in        cnn_top_inst/u_cnn/PBI_Z9myprojectP8ac_fixedILi12ELi4ELb1EL9ac_q_mode0EL9ac_o_mode0EES3_i0/Datapath_i/array_490354_0/ARRAY_1D_STD_BRAM_NN_instance/STD_NRNW_BRAM_GEN_instance/genblk1.STD_DP_BRAM_instance/genblk2.data_out_mem[26]  (to clk_i_c +)

   Delay:              28.109ns  (12.5% logic, 87.5% route), 17 logic levels.

 Constraint Details:

     28.109ns physical path delay cnn_top_inst/u_cnn/PBI_Z9myprojectP8ac_fixedILi12ELi4ELb1EL9ac_q_mode0EL9ac_o_mode0EES3_i0/Controller_i/SLICE_1652 to cnn_top_inst/u_cnn/PBI_Z9myprojectP8ac_fixedILi12ELi4ELb1EL9ac_q_mode0EL9ac_o_mode0EES3_i0/Datapath_i/array_490354_0/ARRAY_1D_STD_BRAM_NN_instance/STD_NRNW_BRAM_GEN_instance/genblk1.STD_DP_BRAM_instance/SLICE_5297 meets
     37.037ns delay constraint less
      0.000ns skew and
     -0.210ns DIN_SET requirement (totaling 37.247ns) by 9.138ns

 Physical Path Details:

      Data path cnn_top_inst/u_cnn/PBI_Z9myprojectP8ac_fixedILi12ELi4ELb1EL9ac_q_mode0EL9ac_o_mode0EES3_i0/Controller_i/SLICE_1652 to cnn_top_inst/u_cnn/PBI_Z9myprojectP8ac_fixedILi12ELi4ELb1EL9ac_q_mode0EL9ac_o_mode0EES3_i0/Datapath_i/array_490354_0/ARRAY_1D_STD_BRAM_NN_instance/STD_NRNW_BRAM_GEN_instance/genblk1.STD_DP_BRAM_instance/SLICE_5297:

   Name    Fanout   Delay (ns)          Site               Resource
REG_DEL     ---     0.395    R42C65A.CLK to     R42C65A.Q0 cnn_top_inst/u_cnn/PBI_Z9myprojectP8ac_fixedILi12ELi4ELb1EL9ac_q_mode0EL9ac_o_mode0EES3_i0/Controller_i/SLICE_1652 (from clk_i_c)
ROUTE        10     1.947     R42C65A.Q0 to     R40C80B.B1 cnn_top_inst/u_cnn/PBI_Z9myprojectP8ac_fixedILi12ELi4ELb1EL9ac_q_mode0EL9ac_o_mode0EES3_i0/Controller_i/present_state[221]
CTOF_DEL    ---     0.180     R40C80B.B1 to     R40C80B.F1 cnn_top_inst/u_cnn/PBI_Z9myprojectP8ac_fixedILi12ELi4ELb1EL9ac_q_mode0EL9ac_o_mode0EES3_i0/Controller_i/SLICE_14652
ROUTE         4     1.892     R40C80B.F1 to     R56C75B.C1 cnn_top_inst/u_cnn/PBI_Z9myprojectP8ac_fixedILi12ELi4ELb1EL9ac_q_mode0EL9ac_o_mode0EES3_i0/Controller_i/fuselector_ARRAY_1D_STD_BRAM_NN_SDS_0_i0_STORE_1_0_a2_32_21_1[108]
CTOF_DEL    ---     0.180     R56C75B.C1 to     R56C75B.F1 cnn_top_inst/u_cnn/PBI_Z9myprojectP8ac_fixedILi12ELi4ELb1EL9ac_q_mode0EL9ac_o_mode0EES3_i0/Controller_i/SLICE_14643
ROUTE         1     2.234     R56C75B.F1 to     R37C65B.A0 cnn_top_inst/u_cnn/PBI_Z9myprojectP8ac_fixedILi12ELi4ELb1EL9ac_q_mode0EL9ac_o_mode0EES3_i0/Controller_i/fuselector_m5_e_sx_N_4L5
CTOF_DEL    ---     0.180     R37C65B.A0 to     R37C65B.F0 cnn_top_inst/u_cnn/PBI_Z9myprojectP8ac_fixedILi12ELi4ELb1EL9ac_q_mode0EL9ac_o_mode0EES3_i0/Controller_i/SLICE_14661
ROUTE         3     0.706     R37C65B.F0 to     R43C65B.D1 cnn_top_inst/u_cnn/PBI_Z9myprojectP8ac_fixedILi12ELi4ELb1EL9ac_q_mode0EL9ac_o_mode0EES3_i0/Controller_i/fuselector_m5_e_sx
CTOF_DEL    ---     0.180     R43C65B.D1 to     R43C65B.F1 cnn_top_inst/u_cnn/PBI_Z9myprojectP8ac_fixedILi12ELi4ELb1EL9ac_q_mode0EL9ac_o_mode0EES3_i0/Controller_i/SLICE_13838
ROUTE        26     1.711     R43C65B.F1 to     R33C65C.A0 cnn_top_inst/u_cnn/PBI_Z9myprojectP8ac_fixedILi12ELi4ELb1EL9ac_q_mode0EL9ac_o_mode0EES3_i0/Controller_i/N_2507
CTOF_DEL    ---     0.180     R33C65C.A0 to     R33C65C.F0 cnn_top_inst/u_cnn/PBI_Z9myprojectP8ac_fixedILi12ELi4ELb1EL9ac_q_mode0EL9ac_o_mode0EES3_i0/Controller_i/SLICE_13996
ROUTE         1     0.554     R33C65C.F0 to     R33C68B.D0 cnn_top_inst/u_cnn/PBI_Z9myprojectP8ac_fixedILi12ELi4ELb1EL9ac_q_mode0EL9ac_o_mode0EES3_i0/Controller_i/N_2231
CTOF_DEL    ---     0.180     R33C68B.D0 to     R33C68B.F0 cnn_top_inst/u_cnn/PBI_Z9myprojectP8ac_fixedILi12ELi4ELb1EL9ac_q_mode0EL9ac_o_mode0EES3_i0/Controller_i/SLICE_13792
ROUTE         2     1.404     R33C68B.F0 to     R33C78C.C1 cnn_top_inst/u_cnn/PBI_Z9myprojectP8ac_fixedILi12ELi4ELb1EL9ac_q_mode0EL9ac_o_mode0EES3_i0/fuselector_ARRAY_1D_STD_BRAM_NN_SDS_0_i0_STORE_1_0_o2_1_1[108]
CTOF_DEL    ---     0.180     R33C78C.C1 to     R33C78C.F1 cnn_top_inst/u_cnn/PBI_Z9myprojectP8ac_fixedILi12ELi4ELb1EL9ac_q_mode0EL9ac_o_mode0EES3_i0/SLICE_13508
ROUTE         3     1.021     R33C78C.F1 to     R35C87C.D1 cnn_top_inst/u_cnn/PBI_Z9myprojectP8ac_fixedILi12ELi4ELb1EL9ac_q_mode0EL9ac_o_mode0EES3_i0/r_N_5_mux
CTOF_DEL    ---     0.180     R35C87C.D1 to     R35C87C.F1 cnn_top_inst/u_cnn/PBI_Z9myprojectP8ac_fixedILi12ELi4ELb1EL9ac_q_mode0EL9ac_o_mode0EES3_i0/SLICE_13440
ROUTE         8     1.185     R35C87C.F1 to     R42C91B.A1 cnn_top_inst/u_cnn/PBI_Z9myprojectP8ac_fixedILi12ELi4ELb1EL9ac_q_mode0EL9ac_o_mode0EES3_i0/selector_MUX_10_ARRAY_1D_STD_BRAM_NN_SDS_0_i1_1_4_2
CTOF_DEL    ---     0.180     R42C91B.A1 to     R42C91B.F1 cnn_top_inst/u_cnn/PBI_Z9myprojectP8ac_fixedILi12ELi4ELb1EL9ac_q_mode0EL9ac_o_mode0EES3_i0/Datapath_i/SLICE_13441
ROUTE         4     0.599     R42C91B.F1 to     R41C91D.A0 cnn_top_inst/u_cnn/PBI_Z9myprojectP8ac_fixedILi12ELi4ELb1EL9ac_q_mode0EL9ac_o_mode0EES3_i0/Datapath_i/selector_MUX_10_ARRAY_1D_STD_BRAM_NN_SDS_0_i1_1_0_s1_9
CTOF_DEL    ---     0.180     R41C91D.A0 to     R41C91D.F0 cnn_top_inst/u_cnn/PBI_Z9myprojectP8ac_fixedILi12ELi4ELb1EL9ac_q_mode0EL9ac_o_mode0EES3_i0/Datapath_i/SLICE_13448
ROUTE         1     1.003     R41C91D.F0 to     R37C88D.C1 cnn_top_inst/u_cnn/PBI_Z9myprojectP8ac_fixedILi12ELi4ELb1EL9ac_q_mode0EL9ac_o_mode0EES3_i0/Datapath_i/MUX_10_ARRAY_1D_STD_BRAM_NN_SDS_0_i1_1_5_0/out1_m5_0_a2_2
CTOF_DEL    ---     0.180     R37C88D.C1 to     R37C88D.F1 cnn_top_inst/u_cnn/PBI_Z9myprojectP8ac_fixedILi12ELi4ELb1EL9ac_q_mode0EL9ac_o_mode0EES3_i0/Datapath_i/SLICE_13332
ROUTE       467     5.896     R37C88D.F1 to    R28C116D.D0 cnn_top_inst/u_cnn/PBI_Z9myprojectP8ac_fixedILi12ELi4ELb1EL9ac_q_mode0EL9ac_o_mode0EES3_i0/Datapath_i/out1_N_11_mux
CTOF_DEL    ---     0.180    R28C116D.D0 to    R28C116D.F0 cnn_top_inst/u_cnn/PBI_Z9myprojectP8ac_fixedILi12ELi4ELb1EL9ac_q_mode0EL9ac_o_mode0EES3_i0/Datapath_i/array_490354_0/ARRAY_1D_STD_BRAM_NN_instance/STD_NRNW_BRAM_GEN_instance/genblk1.STD_DP_BRAM_instance/SLICE_16694
ROUTE         1     0.763    R28C116D.F0 to    R28C114A.B1 cnn_top_inst/u_cnn/PBI_Z9myprojectP8ac_fixedILi12ELi4ELb1EL9ac_q_mode0EL9ac_o_mode0EES3_i0/Datapath_i/array_490354_0/ARRAY_1D_STD_BRAM_NN_instance/STD_NRNW_BRAM_GEN_instance/genblk1.STD_DP_BRAM_instance/ramout_92_bm_1[10]
CTOOFX_DEL  ---     0.306    R28C114A.B1 to  R28C114A.OFX0 cnn_top_inst/u_cnn/PBI_Z9myprojectP8ac_fixedILi12ELi4ELb1EL9ac_q_mode0EL9ac_o_mode0EES3_i0/Datapath_i/array_490354_0/ARRAY_1D_STD_BRAM_NN_instance/STD_NRNW_BRAM_GEN_instance/genblk1.STD_DP_BRAM_instance/memory.ram872__RNI23P33[10]/SLICE_9834
ROUTE         1     0.000  R28C114A.OFX0 to   R28C114A.FXB cnn_top_inst/u_cnn/PBI_Z9myprojectP8ac_fixedILi12ELi4ELb1EL9ac_q_mode0EL9ac_o_mode0EES3_i0/Datapath_i/array_490354_0/ARRAY_1D_STD_BRAM_NN_instance/STD_NRNW_BRAM_GEN_instance/genblk1.STD_DP_BRAM_instance/N_68013
FXTOF_DEL   ---     0.180   R28C114A.FXB to  R28C114A.OFX1 cnn_top_inst/u_cnn/PBI_Z9myprojectP8ac_fixedILi12ELi4ELb1EL9ac_q_mode0EL9ac_o_mode0EES3_i0/Datapath_i/array_490354_0/ARRAY_1D_STD_BRAM_NN_instance/STD_NRNW_BRAM_GEN_instance/genblk1.STD_DP_BRAM_instance/memory.ram872__RNI23P33[10]/SLICE_9834
ROUTE         2     2.322  R28C114A.OFX1 to     R41C92B.A0 cnn_top_inst/u_cnn/PBI_Z9myprojectP8ac_fixedILi12ELi4ELb1EL9ac_q_mode0EL9ac_o_mode0EES3_i0/Datapath_i/array_490354_0/ARRAY_1D_STD_BRAM_NN_instance/STD_NRNW_BRAM_GEN_instance/genblk1.STD_DP_BRAM_instance/N_68029
CTOF_DEL    ---     0.180     R41C92B.A0 to     R41C92B.F0 cnn_top_inst/u_cnn/PBI_Z9myprojectP8ac_fixedILi12ELi4ELb1EL9ac_q_mode0EL9ac_o_mode0EES3_i0/Datapath_i/SLICE_13303
ROUTE         2     1.345     R41C92B.F0 to     R45C99C.A0 cnn_top_inst/u_cnn/PBI_Z9myprojectP8ac_fixedILi12ELi4ELb1EL9ac_q_mode0EL9ac_o_mode0EES3_i0/Datapath_i/array_490354_0/ARRAY_1D_STD_BRAM_NN_instance/STD_NRNW_BRAM_GEN_instance/genblk1.STD_DP_BRAM_instance/N_68557
CTOOFX_DEL  ---     0.306     R45C99C.A0 to   R45C99C.OFX0 cnn_top_inst/u_cnn/PBI_Z9myprojectP8ac_fixedILi12ELi4ELb1EL9ac_q_mode0EL9ac_o_mode0EES3_i0/Datapath_i/array_490354_0/ARRAY_1D_STD_BRAM_NN_instance/STD_NRNW_BRAM_GEN_instance/genblk1.STD_DP_BRAM_instance/SLICE_5297
ROUTE         1     0.000   R45C99C.OFX0 to    R45C99C.DI0 cnn_top_inst/u_cnn/PBI_Z9myprojectP8ac_fixedILi12ELi4ELb1EL9ac_q_mode0EL9ac_o_mode0EES3_i0/Datapath_i/array_490354_0/ARRAY_1D_STD_BRAM_NN_instance/STD_NRNW_BRAM_GEN_instance/genblk1.STD_DP_BRAM_instance/memory[26] (to clk_i_c)
                  --------
                   28.109   (12.5% logic, 87.5% route), 17 logic levels.

 Clock Skew Details: 

      Source Clock Path clk_i to cnn_top_inst/u_cnn/PBI_Z9myprojectP8ac_fixedILi12ELi4ELb1EL9ac_q_mode0EL9ac_o_mode0EES3_i0/Controller_i/SLICE_1652:

   Name    Fanout   Delay (ns)          Site               Resource
ROUTE       999     2.249      E17.PADDI to    R42C65A.CLK clk_i_c
                  --------
                    2.249   (0.0% logic, 100.0% route), 0 logic levels.

      Destination Clock Path clk_i to cnn_top_inst/u_cnn/PBI_Z9myprojectP8ac_fixedILi12ELi4ELb1EL9ac_q_mode0EL9ac_o_mode0EES3_i0/Datapath_i/array_490354_0/ARRAY_1D_STD_BRAM_NN_instance/STD_NRNW_BRAM_GEN_instance/genblk1.STD_DP_BRAM_instance/SLICE_5297:

   Name    Fanout   Delay (ns)          Site               Resource
ROUTE       999     2.249      E17.PADDI to    R45C99C.CLK clk_i_c
                  --------
                    2.249   (0.0% logic, 100.0% route), 0 logic levels.


Passed: The following path meets requirements by 9.139ns

 Logical Details:  Cell type  Pin type       Cell/ASIC name  (clock net +/-)

   Source:         FF         Q              cnn_top_inst/u_cnn/PBI_Z9myprojectP8ac_fixedILi12ELi4ELb1EL9ac_q_mode0EL9ac_o_mode0EES3_i0/Controller_i/present_state[221]  (from clk_i_c +)
   Destination:    FF         Data in        cnn_top_inst/u_cnn/PBI_Z9myprojectP8ac_fixedILi12ELi4ELb1EL9ac_q_mode0EL9ac_o_mode0EES3_i0/Datapath_i/array_490354_0/ARRAY_1D_STD_BRAM_NN_instance/STD_NRNW_BRAM_GEN_instance/genblk1.STD_DP_BRAM_instance/genblk2.data_out_mem[25]  (to clk_i_c +)

   Delay:              28.108ns  (12.5% logic, 87.5% route), 17 logic levels.

 Constraint Details:

     28.108ns physical path delay cnn_top_inst/u_cnn/PBI_Z9myprojectP8ac_fixedILi12ELi4ELb1EL9ac_q_mode0EL9ac_o_mode0EES3_i0/Controller_i/SLICE_1652 to cnn_top_inst/u_cnn/PBI_Z9myprojectP8ac_fixedILi12ELi4ELb1EL9ac_q_mode0EL9ac_o_mode0EES3_i0/Datapath_i/array_490354_0/ARRAY_1D_STD_BRAM_NN_instance/STD_NRNW_BRAM_GEN_instance/genblk1.STD_DP_BRAM_instance/SLICE_5296 meets
     37.037ns delay constraint less
      0.000ns skew and
     -0.210ns DIN_SET requirement (totaling 37.247ns) by 9.139ns

 Physical Path Details:

      Data path cnn_top_inst/u_cnn/PBI_Z9myprojectP8ac_fixedILi12ELi4ELb1EL9ac_q_mode0EL9ac_o_mode0EES3_i0/Controller_i/SLICE_1652 to cnn_top_inst/u_cnn/PBI_Z9myprojectP8ac_fixedILi12ELi4ELb1EL9ac_q_mode0EL9ac_o_mode0EES3_i0/Datapath_i/array_490354_0/ARRAY_1D_STD_BRAM_NN_instance/STD_NRNW_BRAM_GEN_instance/genblk1.STD_DP_BRAM_instance/SLICE_5296:

   Name    Fanout   Delay (ns)          Site               Resource
REG_DEL     ---     0.395    R42C65A.CLK to     R42C65A.Q0 cnn_top_inst/u_cnn/PBI_Z9myprojectP8ac_fixedILi12ELi4ELb1EL9ac_q_mode0EL9ac_o_mode0EES3_i0/Controller_i/SLICE_1652 (from clk_i_c)
ROUTE        10     1.947     R42C65A.Q0 to     R40C80B.B1 cnn_top_inst/u_cnn/PBI_Z9myprojectP8ac_fixedILi12ELi4ELb1EL9ac_q_mode0EL9ac_o_mode0EES3_i0/Controller_i/present_state[221]
CTOF_DEL    ---     0.180     R40C80B.B1 to     R40C80B.F1 cnn_top_inst/u_cnn/PBI_Z9myprojectP8ac_fixedILi12ELi4ELb1EL9ac_q_mode0EL9ac_o_mode0EES3_i0/Controller_i/SLICE_14652
ROUTE         4     1.892     R40C80B.F1 to     R56C75B.C1 cnn_top_inst/u_cnn/PBI_Z9myprojectP8ac_fixedILi12ELi4ELb1EL9ac_q_mode0EL9ac_o_mode0EES3_i0/Controller_i/fuselector_ARRAY_1D_STD_BRAM_NN_SDS_0_i0_STORE_1_0_a2_32_21_1[108]
CTOF_DEL    ---     0.180     R56C75B.C1 to     R56C75B.F1 cnn_top_inst/u_cnn/PBI_Z9myprojectP8ac_fixedILi12ELi4ELb1EL9ac_q_mode0EL9ac_o_mode0EES3_i0/Controller_i/SLICE_14643
ROUTE         1     2.234     R56C75B.F1 to     R37C65B.A0 cnn_top_inst/u_cnn/PBI_Z9myprojectP8ac_fixedILi12ELi4ELb1EL9ac_q_mode0EL9ac_o_mode0EES3_i0/Controller_i/fuselector_m5_e_sx_N_4L5
CTOF_DEL    ---     0.180     R37C65B.A0 to     R37C65B.F0 cnn_top_inst/u_cnn/PBI_Z9myprojectP8ac_fixedILi12ELi4ELb1EL9ac_q_mode0EL9ac_o_mode0EES3_i0/Controller_i/SLICE_14661
ROUTE         3     0.706     R37C65B.F0 to     R43C65B.D1 cnn_top_inst/u_cnn/PBI_Z9myprojectP8ac_fixedILi12ELi4ELb1EL9ac_q_mode0EL9ac_o_mode0EES3_i0/Controller_i/fuselector_m5_e_sx
CTOF_DEL    ---     0.180     R43C65B.D1 to     R43C65B.F1 cnn_top_inst/u_cnn/PBI_Z9myprojectP8ac_fixedILi12ELi4ELb1EL9ac_q_mode0EL9ac_o_mode0EES3_i0/Controller_i/SLICE_13838
ROUTE        26     1.711     R43C65B.F1 to     R33C65C.A0 cnn_top_inst/u_cnn/PBI_Z9myprojectP8ac_fixedILi12ELi4ELb1EL9ac_q_mode0EL9ac_o_mode0EES3_i0/Controller_i/N_2507
CTOF_DEL    ---     0.180     R33C65C.A0 to     R33C65C.F0 cnn_top_inst/u_cnn/PBI_Z9myprojectP8ac_fixedILi12ELi4ELb1EL9ac_q_mode0EL9ac_o_mode0EES3_i0/Controller_i/SLICE_13996
ROUTE         1     0.554     R33C65C.F0 to     R33C68B.D0 cnn_top_inst/u_cnn/PBI_Z9myprojectP8ac_fixedILi12ELi4ELb1EL9ac_q_mode0EL9ac_o_mode0EES3_i0/Controller_i/N_2231
CTOF_DEL    ---     0.180     R33C68B.D0 to     R33C68B.F0 cnn_top_inst/u_cnn/PBI_Z9myprojectP8ac_fixedILi12ELi4ELb1EL9ac_q_mode0EL9ac_o_mode0EES3_i0/Controller_i/SLICE_13792
ROUTE         2     1.404     R33C68B.F0 to     R33C78C.C1 cnn_top_inst/u_cnn/PBI_Z9myprojectP8ac_fixedILi12ELi4ELb1EL9ac_q_mode0EL9ac_o_mode0EES3_i0/fuselector_ARRAY_1D_STD_BRAM_NN_SDS_0_i0_STORE_1_0_o2_1_1[108]
CTOF_DEL    ---     0.180     R33C78C.C1 to     R33C78C.F1 cnn_top_inst/u_cnn/PBI_Z9myprojectP8ac_fixedILi12ELi4ELb1EL9ac_q_mode0EL9ac_o_mode0EES3_i0/SLICE_13508
ROUTE         3     1.021     R33C78C.F1 to     R35C87C.D1 cnn_top_inst/u_cnn/PBI_Z9myprojectP8ac_fixedILi12ELi4ELb1EL9ac_q_mode0EL9ac_o_mode0EES3_i0/r_N_5_mux
CTOF_DEL    ---     0.180     R35C87C.D1 to     R35C87C.F1 cnn_top_inst/u_cnn/PBI_Z9myprojectP8ac_fixedILi12ELi4ELb1EL9ac_q_mode0EL9ac_o_mode0EES3_i0/SLICE_13440
ROUTE         8     1.185     R35C87C.F1 to     R42C91B.A1 cnn_top_inst/u_cnn/PBI_Z9myprojectP8ac_fixedILi12ELi4ELb1EL9ac_q_mode0EL9ac_o_mode0EES3_i0/selector_MUX_10_ARRAY_1D_STD_BRAM_NN_SDS_0_i1_1_4_2
CTOF_DEL    ---     0.180     R42C91B.A1 to     R42C91B.F1 cnn_top_inst/u_cnn/PBI_Z9myprojectP8ac_fixedILi12ELi4ELb1EL9ac_q_mode0EL9ac_o_mode0EES3_i0/Datapath_i/SLICE_13441
ROUTE         4     0.599     R42C91B.F1 to     R41C91D.A0 cnn_top_inst/u_cnn/PBI_Z9myprojectP8ac_fixedILi12ELi4ELb1EL9ac_q_mode0EL9ac_o_mode0EES3_i0/Datapath_i/selector_MUX_10_ARRAY_1D_STD_BRAM_NN_SDS_0_i1_1_0_s1_9
CTOF_DEL    ---     0.180     R41C91D.A0 to     R41C91D.F0 cnn_top_inst/u_cnn/PBI_Z9myprojectP8ac_fixedILi12ELi4ELb1EL9ac_q_mode0EL9ac_o_mode0EES3_i0/Datapath_i/SLICE_13448
ROUTE         1     1.003     R41C91D.F0 to     R37C88D.C1 cnn_top_inst/u_cnn/PBI_Z9myprojectP8ac_fixedILi12ELi4ELb1EL9ac_q_mode0EL9ac_o_mode0EES3_i0/Datapath_i/MUX_10_ARRAY_1D_STD_BRAM_NN_SDS_0_i1_1_5_0/out1_m5_0_a2_2
CTOF_DEL    ---     0.180     R37C88D.C1 to     R37C88D.F1 cnn_top_inst/u_cnn/PBI_Z9myprojectP8ac_fixedILi12ELi4ELb1EL9ac_q_mode0EL9ac_o_mode0EES3_i0/Datapath_i/SLICE_13332
ROUTE       467     5.896     R37C88D.F1 to    R28C116D.D0 cnn_top_inst/u_cnn/PBI_Z9myprojectP8ac_fixedILi12ELi4ELb1EL9ac_q_mode0EL9ac_o_mode0EES3_i0/Datapath_i/out1_N_11_mux
CTOF_DEL    ---     0.180    R28C116D.D0 to    R28C116D.F0 cnn_top_inst/u_cnn/PBI_Z9myprojectP8ac_fixedILi12ELi4ELb1EL9ac_q_mode0EL9ac_o_mode0EES3_i0/Datapath_i/array_490354_0/ARRAY_1D_STD_BRAM_NN_instance/STD_NRNW_BRAM_GEN_instance/genblk1.STD_DP_BRAM_instance/SLICE_16694
ROUTE         1     0.763    R28C116D.F0 to    R28C114A.B1 cnn_top_inst/u_cnn/PBI_Z9myprojectP8ac_fixedILi12ELi4ELb1EL9ac_q_mode0EL9ac_o_mode0EES3_i0/Datapath_i/array_490354_0/ARRAY_1D_STD_BRAM_NN_instance/STD_NRNW_BRAM_GEN_instance/genblk1.STD_DP_BRAM_instance/ramout_92_bm_1[10]
CTOOFX_DEL  ---     0.306    R28C114A.B1 to  R28C114A.OFX0 cnn_top_inst/u_cnn/PBI_Z9myprojectP8ac_fixedILi12ELi4ELb1EL9ac_q_mode0EL9ac_o_mode0EES3_i0/Datapath_i/array_490354_0/ARRAY_1D_STD_BRAM_NN_instance/STD_NRNW_BRAM_GEN_instance/genblk1.STD_DP_BRAM_instance/memory.ram872__RNI23P33[10]/SLICE_9834
ROUTE         1     0.000  R28C114A.OFX0 to   R28C114A.FXB cnn_top_inst/u_cnn/PBI_Z9myprojectP8ac_fixedILi12ELi4ELb1EL9ac_q_mode0EL9ac_o_mode0EES3_i0/Datapath_i/array_490354_0/ARRAY_1D_STD_BRAM_NN_instance/STD_NRNW_BRAM_GEN_instance/genblk1.STD_DP_BRAM_instance/N_68013
FXTOF_DEL   ---     0.180   R28C114A.FXB to  R28C114A.OFX1 cnn_top_inst/u_cnn/PBI_Z9myprojectP8ac_fixedILi12ELi4ELb1EL9ac_q_mode0EL9ac_o_mode0EES3_i0/Datapath_i/array_490354_0/ARRAY_1D_STD_BRAM_NN_instance/STD_NRNW_BRAM_GEN_instance/genblk1.STD_DP_BRAM_instance/memory.ram872__RNI23P33[10]/SLICE_9834
ROUTE         2     2.322  R28C114A.OFX1 to     R41C92B.A0 cnn_top_inst/u_cnn/PBI_Z9myprojectP8ac_fixedILi12ELi4ELb1EL9ac_q_mode0EL9ac_o_mode0EES3_i0/Datapath_i/array_490354_0/ARRAY_1D_STD_BRAM_NN_instance/STD_NRNW_BRAM_GEN_instance/genblk1.STD_DP_BRAM_instance/N_68029
CTOF_DEL    ---     0.180     R41C92B.A0 to     R41C92B.F0 cnn_top_inst/u_cnn/PBI_Z9myprojectP8ac_fixedILi12ELi4ELb1EL9ac_q_mode0EL9ac_o_mode0EES3_i0/Datapath_i/SLICE_13303
ROUTE         2     1.344     R41C92B.F0 to     R45C99A.B0 cnn_top_inst/u_cnn/PBI_Z9myprojectP8ac_fixedILi12ELi4ELb1EL9ac_q_mode0EL9ac_o_mode0EES3_i0/Datapath_i/array_490354_0/ARRAY_1D_STD_BRAM_NN_instance/STD_NRNW_BRAM_GEN_instance/genblk1.STD_DP_BRAM_instance/N_68557
CTOOFX_DEL  ---     0.306     R45C99A.B0 to   R45C99A.OFX0 cnn_top_inst/u_cnn/PBI_Z9myprojectP8ac_fixedILi12ELi4ELb1EL9ac_q_mode0EL9ac_o_mode0EES3_i0/Datapath_i/array_490354_0/ARRAY_1D_STD_BRAM_NN_instance/STD_NRNW_BRAM_GEN_instance/genblk1.STD_DP_BRAM_instance/SLICE_5296
ROUTE         1     0.000   R45C99A.OFX0 to    R45C99A.DI0 cnn_top_inst/u_cnn/PBI_Z9myprojectP8ac_fixedILi12ELi4ELb1EL9ac_q_mode0EL9ac_o_mode0EES3_i0/Datapath_i/array_490354_0/ARRAY_1D_STD_BRAM_NN_instance/STD_NRNW_BRAM_GEN_instance/genblk1.STD_DP_BRAM_instance/memory[25] (to clk_i_c)
                  --------
                   28.108   (12.5% logic, 87.5% route), 17 logic levels.

 Clock Skew Details: 

      Source Clock Path clk_i to cnn_top_inst/u_cnn/PBI_Z9myprojectP8ac_fixedILi12ELi4ELb1EL9ac_q_mode0EL9ac_o_mode0EES3_i0/Controller_i/SLICE_1652:

   Name    Fanout   Delay (ns)          Site               Resource
ROUTE       999     2.249      E17.PADDI to    R42C65A.CLK clk_i_c
                  --------
                    2.249   (0.0% logic, 100.0% route), 0 logic levels.

      Destination Clock Path clk_i to cnn_top_inst/u_cnn/PBI_Z9myprojectP8ac_fixedILi12ELi4ELb1EL9ac_q_mode0EL9ac_o_mode0EES3_i0/Datapath_i/array_490354_0/ARRAY_1D_STD_BRAM_NN_instance/STD_NRNW_BRAM_GEN_instance/genblk1.STD_DP_BRAM_instance/SLICE_5296:

   Name    Fanout   Delay (ns)          Site               Resource
ROUTE       999     2.249      E17.PADDI to    R45C99A.CLK clk_i_c
                  --------
                    2.249   (0.0% logic, 100.0% route), 0 logic levels.


Passed: The following path meets requirements by 9.171ns

 Logical Details:  Cell type  Pin type       Cell/ASIC name  (clock net +/-)

   Source:         FF         Q              cnn_top_inst/u_cnn/PBI_Z9myprojectP8ac_fixedILi12ELi4ELb1EL9ac_q_mode0EL9ac_o_mode0EES3_i0/Controller_i/present_state_fast[2]  (from clk_i_c +)
   Destination:    FF         Data in        cnn_top_inst/u_cnn/PBI_Z9myprojectP8ac_fixedILi12ELi4ELb1EL9ac_q_mode0EL9ac_o_mode0EES3_i0/Datapath_i/array_490354_0/ARRAY_1D_STD_BRAM_NN_instance/STD_NRNW_BRAM_GEN_instance/genblk1.STD_DP_BRAM_instance/genblk2.data_out_mem[26]  (to clk_i_c +)

   Delay:              28.076ns  (12.6% logic, 87.4% route), 17 logic levels.

 Constraint Details:

     28.076ns physical path delay cnn_top_inst/u_cnn/PBI_Z9myprojectP8ac_fixedILi12ELi4ELb1EL9ac_q_mode0EL9ac_o_mode0EES3_i0/Controller_i/SLICE_1662 to cnn_top_inst/u_cnn/PBI_Z9myprojectP8ac_fixedILi12ELi4ELb1EL9ac_q_mode0EL9ac_o_mode0EES3_i0/Datapath_i/array_490354_0/ARRAY_1D_STD_BRAM_NN_instance/STD_NRNW_BRAM_GEN_instance/genblk1.STD_DP_BRAM_instance/SLICE_5297 meets
     37.037ns delay constraint less
      0.000ns skew and
     -0.210ns DIN_SET requirement (totaling 37.247ns) by 9.171ns

 Physical Path Details:

      Data path cnn_top_inst/u_cnn/PBI_Z9myprojectP8ac_fixedILi12ELi4ELb1EL9ac_q_mode0EL9ac_o_mode0EES3_i0/Controller_i/SLICE_1662 to cnn_top_inst/u_cnn/PBI_Z9myprojectP8ac_fixedILi12ELi4ELb1EL9ac_q_mode0EL9ac_o_mode0EES3_i0/Datapath_i/array_490354_0/ARRAY_1D_STD_BRAM_NN_instance/STD_NRNW_BRAM_GEN_instance/genblk1.STD_DP_BRAM_instance/SLICE_5297:

   Name    Fanout   Delay (ns)          Site               Resource
REG_DEL     ---     0.393    R37C68D.CLK to     R37C68D.Q1 cnn_top_inst/u_cnn/PBI_Z9myprojectP8ac_fixedILi12ELi4ELb1EL9ac_q_mode0EL9ac_o_mode0EES3_i0/Controller_i/SLICE_1662 (from clk_i_c)
ROUTE        10     3.038     R37C68D.Q1 to     R56C75B.A0 cnn_top_inst/u_cnn/PBI_Z9myprojectP8ac_fixedILi12ELi4ELb1EL9ac_q_mode0EL9ac_o_mode0EES3_i0/Controller_i/present_state_fast[2]
CTOF_DEL    ---     0.180     R56C75B.A0 to     R56C75B.F0 cnn_top_inst/u_cnn/PBI_Z9myprojectP8ac_fixedILi12ELi4ELb1EL9ac_q_mode0EL9ac_o_mode0EES3_i0/Controller_i/SLICE_14643
ROUTE         3     0.770     R56C75B.F0 to     R56C75B.B1 cnn_top_inst/u_cnn/PBI_Z9myprojectP8ac_fixedILi12ELi4ELb1EL9ac_q_mode0EL9ac_o_mode0EES3_i0/Controller_i/fuselector_ARRAY_1D_STD_BRAM_NN_SDS_0_i0_STORE_1_0_a2_32_21_5[108]
CTOF_DEL    ---     0.180     R56C75B.B1 to     R56C75B.F1 cnn_top_inst/u_cnn/PBI_Z9myprojectP8ac_fixedILi12ELi4ELb1EL9ac_q_mode0EL9ac_o_mode0EES3_i0/Controller_i/SLICE_14643
ROUTE         1     2.234     R56C75B.F1 to     R37C65B.A0 cnn_top_inst/u_cnn/PBI_Z9myprojectP8ac_fixedILi12ELi4ELb1EL9ac_q_mode0EL9ac_o_mode0EES3_i0/Controller_i/fuselector_m5_e_sx_N_4L5
CTOF_DEL    ---     0.180     R37C65B.A0 to     R37C65B.F0 cnn_top_inst/u_cnn/PBI_Z9myprojectP8ac_fixedILi12ELi4ELb1EL9ac_q_mode0EL9ac_o_mode0EES3_i0/Controller_i/SLICE_14661
ROUTE         3     0.706     R37C65B.F0 to     R43C65B.D1 cnn_top_inst/u_cnn/PBI_Z9myprojectP8ac_fixedILi12ELi4ELb1EL9ac_q_mode0EL9ac_o_mode0EES3_i0/Controller_i/fuselector_m5_e_sx
CTOF_DEL    ---     0.180     R43C65B.D1 to     R43C65B.F1 cnn_top_inst/u_cnn/PBI_Z9myprojectP8ac_fixedILi12ELi4ELb1EL9ac_q_mode0EL9ac_o_mode0EES3_i0/Controller_i/SLICE_13838
ROUTE        26     1.711     R43C65B.F1 to     R33C65C.A0 cnn_top_inst/u_cnn/PBI_Z9myprojectP8ac_fixedILi12ELi4ELb1EL9ac_q_mode0EL9ac_o_mode0EES3_i0/Controller_i/N_2507
CTOF_DEL    ---     0.180     R33C65C.A0 to     R33C65C.F0 cnn_top_inst/u_cnn/PBI_Z9myprojectP8ac_fixedILi12ELi4ELb1EL9ac_q_mode0EL9ac_o_mode0EES3_i0/Controller_i/SLICE_13996
ROUTE         1     0.554     R33C65C.F0 to     R33C68B.D0 cnn_top_inst/u_cnn/PBI_Z9myprojectP8ac_fixedILi12ELi4ELb1EL9ac_q_mode0EL9ac_o_mode0EES3_i0/Controller_i/N_2231
CTOF_DEL    ---     0.180     R33C68B.D0 to     R33C68B.F0 cnn_top_inst/u_cnn/PBI_Z9myprojectP8ac_fixedILi12ELi4ELb1EL9ac_q_mode0EL9ac_o_mode0EES3_i0/Controller_i/SLICE_13792
ROUTE         2     1.404     R33C68B.F0 to     R33C78C.C1 cnn_top_inst/u_cnn/PBI_Z9myprojectP8ac_fixedILi12ELi4ELb1EL9ac_q_mode0EL9ac_o_mode0EES3_i0/fuselector_ARRAY_1D_STD_BRAM_NN_SDS_0_i0_STORE_1_0_o2_1_1[108]
CTOF_DEL    ---     0.180     R33C78C.C1 to     R33C78C.F1 cnn_top_inst/u_cnn/PBI_Z9myprojectP8ac_fixedILi12ELi4ELb1EL9ac_q_mode0EL9ac_o_mode0EES3_i0/SLICE_13508
ROUTE         3     1.021     R33C78C.F1 to     R35C87C.D1 cnn_top_inst/u_cnn/PBI_Z9myprojectP8ac_fixedILi12ELi4ELb1EL9ac_q_mode0EL9ac_o_mode0EES3_i0/r_N_5_mux
CTOF_DEL    ---     0.180     R35C87C.D1 to     R35C87C.F1 cnn_top_inst/u_cnn/PBI_Z9myprojectP8ac_fixedILi12ELi4ELb1EL9ac_q_mode0EL9ac_o_mode0EES3_i0/SLICE_13440
ROUTE         8     1.185     R35C87C.F1 to     R42C91B.A1 cnn_top_inst/u_cnn/PBI_Z9myprojectP8ac_fixedILi12ELi4ELb1EL9ac_q_mode0EL9ac_o_mode0EES3_i0/selector_MUX_10_ARRAY_1D_STD_BRAM_NN_SDS_0_i1_1_4_2
CTOF_DEL    ---     0.180     R42C91B.A1 to     R42C91B.F1 cnn_top_inst/u_cnn/PBI_Z9myprojectP8ac_fixedILi12ELi4ELb1EL9ac_q_mode0EL9ac_o_mode0EES3_i0/Datapath_i/SLICE_13441
ROUTE         4     0.599     R42C91B.F1 to     R41C91D.A0 cnn_top_inst/u_cnn/PBI_Z9myprojectP8ac_fixedILi12ELi4ELb1EL9ac_q_mode0EL9ac_o_mode0EES3_i0/Datapath_i/selector_MUX_10_ARRAY_1D_STD_BRAM_NN_SDS_0_i1_1_0_s1_9
CTOF_DEL    ---     0.180     R41C91D.A0 to     R41C91D.F0 cnn_top_inst/u_cnn/PBI_Z9myprojectP8ac_fixedILi12ELi4ELb1EL9ac_q_mode0EL9ac_o_mode0EES3_i0/Datapath_i/SLICE_13448
ROUTE         1     1.003     R41C91D.F0 to     R37C88D.C1 cnn_top_inst/u_cnn/PBI_Z9myprojectP8ac_fixedILi12ELi4ELb1EL9ac_q_mode0EL9ac_o_mode0EES3_i0/Datapath_i/MUX_10_ARRAY_1D_STD_BRAM_NN_SDS_0_i1_1_5_0/out1_m5_0_a2_2
CTOF_DEL    ---     0.180     R37C88D.C1 to     R37C88D.F1 cnn_top_inst/u_cnn/PBI_Z9myprojectP8ac_fixedILi12ELi4ELb1EL9ac_q_mode0EL9ac_o_mode0EES3_i0/Datapath_i/SLICE_13332
ROUTE       467     5.896     R37C88D.F1 to    R28C116D.D0 cnn_top_inst/u_cnn/PBI_Z9myprojectP8ac_fixedILi12ELi4ELb1EL9ac_q_mode0EL9ac_o_mode0EES3_i0/Datapath_i/out1_N_11_mux
CTOF_DEL    ---     0.180    R28C116D.D0 to    R28C116D.F0 cnn_top_inst/u_cnn/PBI_Z9myprojectP8ac_fixedILi12ELi4ELb1EL9ac_q_mode0EL9ac_o_mode0EES3_i0/Datapath_i/array_490354_0/ARRAY_1D_STD_BRAM_NN_instance/STD_NRNW_BRAM_GEN_instance/genblk1.STD_DP_BRAM_instance/SLICE_16694
ROUTE         1     0.763    R28C116D.F0 to    R28C114A.B1 cnn_top_inst/u_cnn/PBI_Z9myprojectP8ac_fixedILi12ELi4ELb1EL9ac_q_mode0EL9ac_o_mode0EES3_i0/Datapath_i/array_490354_0/ARRAY_1D_STD_BRAM_NN_instance/STD_NRNW_BRAM_GEN_instance/genblk1.STD_DP_BRAM_instance/ramout_92_bm_1[10]
CTOOFX_DEL  ---     0.306    R28C114A.B1 to  R28C114A.OFX0 cnn_top_inst/u_cnn/PBI_Z9myprojectP8ac_fixedILi12ELi4ELb1EL9ac_q_mode0EL9ac_o_mode0EES3_i0/Datapath_i/array_490354_0/ARRAY_1D_STD_BRAM_NN_instance/STD_NRNW_BRAM_GEN_instance/genblk1.STD_DP_BRAM_instance/memory.ram872__RNI23P33[10]/SLICE_9834
ROUTE         1     0.000  R28C114A.OFX0 to   R28C114A.FXB cnn_top_inst/u_cnn/PBI_Z9myprojectP8ac_fixedILi12ELi4ELb1EL9ac_q_mode0EL9ac_o_mode0EES3_i0/Datapath_i/array_490354_0/ARRAY_1D_STD_BRAM_NN_instance/STD_NRNW_BRAM_GEN_instance/genblk1.STD_DP_BRAM_instance/N_68013
FXTOF_DEL   ---     0.180   R28C114A.FXB to  R28C114A.OFX1 cnn_top_inst/u_cnn/PBI_Z9myprojectP8ac_fixedILi12ELi4ELb1EL9ac_q_mode0EL9ac_o_mode0EES3_i0/Datapath_i/array_490354_0/ARRAY_1D_STD_BRAM_NN_instance/STD_NRNW_BRAM_GEN_instance/genblk1.STD_DP_BRAM_instance/memory.ram872__RNI23P33[10]/SLICE_9834
ROUTE         2     2.322  R28C114A.OFX1 to     R41C92B.A0 cnn_top_inst/u_cnn/PBI_Z9myprojectP8ac_fixedILi12ELi4ELb1EL9ac_q_mode0EL9ac_o_mode0EES3_i0/Datapath_i/array_490354_0/ARRAY_1D_STD_BRAM_NN_instance/STD_NRNW_BRAM_GEN_instance/genblk1.STD_DP_BRAM_instance/N_68029
CTOF_DEL    ---     0.180     R41C92B.A0 to     R41C92B.F0 cnn_top_inst/u_cnn/PBI_Z9myprojectP8ac_fixedILi12ELi4ELb1EL9ac_q_mode0EL9ac_o_mode0EES3_i0/Datapath_i/SLICE_13303
ROUTE         2     1.345     R41C92B.F0 to     R45C99C.A0 cnn_top_inst/u_cnn/PBI_Z9myprojectP8ac_fixedILi12ELi4ELb1EL9ac_q_mode0EL9ac_o_mode0EES3_i0/Datapath_i/array_490354_0/ARRAY_1D_STD_BRAM_NN_instance/STD_NRNW_BRAM_GEN_instance/genblk1.STD_DP_BRAM_instance/N_68557
CTOOFX_DEL  ---     0.306     R45C99C.A0 to   R45C99C.OFX0 cnn_top_inst/u_cnn/PBI_Z9myprojectP8ac_fixedILi12ELi4ELb1EL9ac_q_mode0EL9ac_o_mode0EES3_i0/Datapath_i/array_490354_0/ARRAY_1D_STD_BRAM_NN_instance/STD_NRNW_BRAM_GEN_instance/genblk1.STD_DP_BRAM_instance/SLICE_5297
ROUTE         1     0.000   R45C99C.OFX0 to    R45C99C.DI0 cnn_top_inst/u_cnn/PBI_Z9myprojectP8ac_fixedILi12ELi4ELb1EL9ac_q_mode0EL9ac_o_mode0EES3_i0/Datapath_i/array_490354_0/ARRAY_1D_STD_BRAM_NN_instance/STD_NRNW_BRAM_GEN_instance/genblk1.STD_DP_BRAM_instance/memory[26] (to clk_i_c)
                  --------
                   28.076   (12.6% logic, 87.4% route), 17 logic levels.

 Clock Skew Details: 

      Source Clock Path clk_i to cnn_top_inst/u_cnn/PBI_Z9myprojectP8ac_fixedILi12ELi4ELb1EL9ac_q_mode0EL9ac_o_mode0EES3_i0/Controller_i/SLICE_1662:

   Name    Fanout   Delay (ns)          Site               Resource
ROUTE       999     2.249      E17.PADDI to    R37C68D.CLK clk_i_c
                  --------
                    2.249   (0.0% logic, 100.0% route), 0 logic levels.

      Destination Clock Path clk_i to cnn_top_inst/u_cnn/PBI_Z9myprojectP8ac_fixedILi12ELi4ELb1EL9ac_q_mode0EL9ac_o_mode0EES3_i0/Datapath_i/array_490354_0/ARRAY_1D_STD_BRAM_NN_instance/STD_NRNW_BRAM_GEN_instance/genblk1.STD_DP_BRAM_instance/SLICE_5297:

   Name    Fanout   Delay (ns)          Site               Resource
ROUTE       999     2.249      E17.PADDI to    R45C99C.CLK clk_i_c
                  --------
                    2.249   (0.0% logic, 100.0% route), 0 logic levels.


Passed: The following path meets requirements by 9.172ns

 Logical Details:  Cell type  Pin type       Cell/ASIC name  (clock net +/-)

   Source:         FF         Q              cnn_top_inst/u_cnn/PBI_Z9myprojectP8ac_fixedILi12ELi4ELb1EL9ac_q_mode0EL9ac_o_mode0EES3_i0/Controller_i/present_state_fast[2]  (from clk_i_c +)
   Destination:    FF         Data in        cnn_top_inst/u_cnn/PBI_Z9myprojectP8ac_fixedILi12ELi4ELb1EL9ac_q_mode0EL9ac_o_mode0EES3_i0/Datapath_i/array_490354_0/ARRAY_1D_STD_BRAM_NN_instance/STD_NRNW_BRAM_GEN_instance/genblk1.STD_DP_BRAM_instance/genblk2.data_out_mem[25]  (to clk_i_c +)

   Delay:              28.075ns  (12.6% logic, 87.4% route), 17 logic levels.

 Constraint Details:

     28.075ns physical path delay cnn_top_inst/u_cnn/PBI_Z9myprojectP8ac_fixedILi12ELi4ELb1EL9ac_q_mode0EL9ac_o_mode0EES3_i0/Controller_i/SLICE_1662 to cnn_top_inst/u_cnn/PBI_Z9myprojectP8ac_fixedILi12ELi4ELb1EL9ac_q_mode0EL9ac_o_mode0EES3_i0/Datapath_i/array_490354_0/ARRAY_1D_STD_BRAM_NN_instance/STD_NRNW_BRAM_GEN_instance/genblk1.STD_DP_BRAM_instance/SLICE_5296 meets
     37.037ns delay constraint less
      0.000ns skew and
     -0.210ns DIN_SET requirement (totaling 37.247ns) by 9.172ns

 Physical Path Details:

      Data path cnn_top_inst/u_cnn/PBI_Z9myprojectP8ac_fixedILi12ELi4ELb1EL9ac_q_mode0EL9ac_o_mode0EES3_i0/Controller_i/SLICE_1662 to cnn_top_inst/u_cnn/PBI_Z9myprojectP8ac_fixedILi12ELi4ELb1EL9ac_q_mode0EL9ac_o_mode0EES3_i0/Datapath_i/array_490354_0/ARRAY_1D_STD_BRAM_NN_instance/STD_NRNW_BRAM_GEN_instance/genblk1.STD_DP_BRAM_instance/SLICE_5296:

   Name    Fanout   Delay (ns)          Site               Resource
REG_DEL     ---     0.393    R37C68D.CLK to     R37C68D.Q1 cnn_top_inst/u_cnn/PBI_Z9myprojectP8ac_fixedILi12ELi4ELb1EL9ac_q_mode0EL9ac_o_mode0EES3_i0/Controller_i/SLICE_1662 (from clk_i_c)
ROUTE        10     3.038     R37C68D.Q1 to     R56C75B.A0 cnn_top_inst/u_cnn/PBI_Z9myprojectP8ac_fixedILi12ELi4ELb1EL9ac_q_mode0EL9ac_o_mode0EES3_i0/Controller_i/present_state_fast[2]
CTOF_DEL    ---     0.180     R56C75B.A0 to     R56C75B.F0 cnn_top_inst/u_cnn/PBI_Z9myprojectP8ac_fixedILi12ELi4ELb1EL9ac_q_mode0EL9ac_o_mode0EES3_i0/Controller_i/SLICE_14643
ROUTE         3     0.770     R56C75B.F0 to     R56C75B.B1 cnn_top_inst/u_cnn/PBI_Z9myprojectP8ac_fixedILi12ELi4ELb1EL9ac_q_mode0EL9ac_o_mode0EES3_i0/Controller_i/fuselector_ARRAY_1D_STD_BRAM_NN_SDS_0_i0_STORE_1_0_a2_32_21_5[108]
CTOF_DEL    ---     0.180     R56C75B.B1 to     R56C75B.F1 cnn_top_inst/u_cnn/PBI_Z9myprojectP8ac_fixedILi12ELi4ELb1EL9ac_q_mode0EL9ac_o_mode0EES3_i0/Controller_i/SLICE_14643
ROUTE         1     2.234     R56C75B.F1 to     R37C65B.A0 cnn_top_inst/u_cnn/PBI_Z9myprojectP8ac_fixedILi12ELi4ELb1EL9ac_q_mode0EL9ac_o_mode0EES3_i0/Controller_i/fuselector_m5_e_sx_N_4L5
CTOF_DEL    ---     0.180     R37C65B.A0 to     R37C65B.F0 cnn_top_inst/u_cnn/PBI_Z9myprojectP8ac_fixedILi12ELi4ELb1EL9ac_q_mode0EL9ac_o_mode0EES3_i0/Controller_i/SLICE_14661
ROUTE         3     0.706     R37C65B.F0 to     R43C65B.D1 cnn_top_inst/u_cnn/PBI_Z9myprojectP8ac_fixedILi12ELi4ELb1EL9ac_q_mode0EL9ac_o_mode0EES3_i0/Controller_i/fuselector_m5_e_sx
CTOF_DEL    ---     0.180     R43C65B.D1 to     R43C65B.F1 cnn_top_inst/u_cnn/PBI_Z9myprojectP8ac_fixedILi12ELi4ELb1EL9ac_q_mode0EL9ac_o_mode0EES3_i0/Controller_i/SLICE_13838
ROUTE        26     1.711     R43C65B.F1 to     R33C65C.A0 cnn_top_inst/u_cnn/PBI_Z9myprojectP8ac_fixedILi12ELi4ELb1EL9ac_q_mode0EL9ac_o_mode0EES3_i0/Controller_i/N_2507
CTOF_DEL    ---     0.180     R33C65C.A0 to     R33C65C.F0 cnn_top_inst/u_cnn/PBI_Z9myprojectP8ac_fixedILi12ELi4ELb1EL9ac_q_mode0EL9ac_o_mode0EES3_i0/Controller_i/SLICE_13996
ROUTE         1     0.554     R33C65C.F0 to     R33C68B.D0 cnn_top_inst/u_cnn/PBI_Z9myprojectP8ac_fixedILi12ELi4ELb1EL9ac_q_mode0EL9ac_o_mode0EES3_i0/Controller_i/N_2231
CTOF_DEL    ---     0.180     R33C68B.D0 to     R33C68B.F0 cnn_top_inst/u_cnn/PBI_Z9myprojectP8ac_fixedILi12ELi4ELb1EL9ac_q_mode0EL9ac_o_mode0EES3_i0/Controller_i/SLICE_13792
ROUTE         2     1.404     R33C68B.F0 to     R33C78C.C1 cnn_top_inst/u_cnn/PBI_Z9myprojectP8ac_fixedILi12ELi4ELb1EL9ac_q_mode0EL9ac_o_mode0EES3_i0/fuselector_ARRAY_1D_STD_BRAM_NN_SDS_0_i0_STORE_1_0_o2_1_1[108]
CTOF_DEL    ---     0.180     R33C78C.C1 to     R33C78C.F1 cnn_top_inst/u_cnn/PBI_Z9myprojectP8ac_fixedILi12ELi4ELb1EL9ac_q_mode0EL9ac_o_mode0EES3_i0/SLICE_13508
ROUTE         3     1.021     R33C78C.F1 to     R35C87C.D1 cnn_top_inst/u_cnn/PBI_Z9myprojectP8ac_fixedILi12ELi4ELb1EL9ac_q_mode0EL9ac_o_mode0EES3_i0/r_N_5_mux
CTOF_DEL    ---     0.180     R35C87C.D1 to     R35C87C.F1 cnn_top_inst/u_cnn/PBI_Z9myprojectP8ac_fixedILi12ELi4ELb1EL9ac_q_mode0EL9ac_o_mode0EES3_i0/SLICE_13440
ROUTE         8     1.185     R35C87C.F1 to     R42C91B.A1 cnn_top_inst/u_cnn/PBI_Z9myprojectP8ac_fixedILi12ELi4ELb1EL9ac_q_mode0EL9ac_o_mode0EES3_i0/selector_MUX_10_ARRAY_1D_STD_BRAM_NN_SDS_0_i1_1_4_2
CTOF_DEL    ---     0.180     R42C91B.A1 to     R42C91B.F1 cnn_top_inst/u_cnn/PBI_Z9myprojectP8ac_fixedILi12ELi4ELb1EL9ac_q_mode0EL9ac_o_mode0EES3_i0/Datapath_i/SLICE_13441
ROUTE         4     0.599     R42C91B.F1 to     R41C91D.A0 cnn_top_inst/u_cnn/PBI_Z9myprojectP8ac_fixedILi12ELi4ELb1EL9ac_q_mode0EL9ac_o_mode0EES3_i0/Datapath_i/selector_MUX_10_ARRAY_1D_STD_BRAM_NN_SDS_0_i1_1_0_s1_9
CTOF_DEL    ---     0.180     R41C91D.A0 to     R41C91D.F0 cnn_top_inst/u_cnn/PBI_Z9myprojectP8ac_fixedILi12ELi4ELb1EL9ac_q_mode0EL9ac_o_mode0EES3_i0/Datapath_i/SLICE_13448
ROUTE         1     1.003     R41C91D.F0 to     R37C88D.C1 cnn_top_inst/u_cnn/PBI_Z9myprojectP8ac_fixedILi12ELi4ELb1EL9ac_q_mode0EL9ac_o_mode0EES3_i0/Datapath_i/MUX_10_ARRAY_1D_STD_BRAM_NN_SDS_0_i1_1_5_0/out1_m5_0_a2_2
CTOF_DEL    ---     0.180     R37C88D.C1 to     R37C88D.F1 cnn_top_inst/u_cnn/PBI_Z9myprojectP8ac_fixedILi12ELi4ELb1EL9ac_q_mode0EL9ac_o_mode0EES3_i0/Datapath_i/SLICE_13332
ROUTE       467     5.896     R37C88D.F1 to    R28C116D.D0 cnn_top_inst/u_cnn/PBI_Z9myprojectP8ac_fixedILi12ELi4ELb1EL9ac_q_mode0EL9ac_o_mode0EES3_i0/Datapath_i/out1_N_11_mux
CTOF_DEL    ---     0.180    R28C116D.D0 to    R28C116D.F0 cnn_top_inst/u_cnn/PBI_Z9myprojectP8ac_fixedILi12ELi4ELb1EL9ac_q_mode0EL9ac_o_mode0EES3_i0/Datapath_i/array_490354_0/ARRAY_1D_STD_BRAM_NN_instance/STD_NRNW_BRAM_GEN_instance/genblk1.STD_DP_BRAM_instance/SLICE_16694
ROUTE         1     0.763    R28C116D.F0 to    R28C114A.B1 cnn_top_inst/u_cnn/PBI_Z9myprojectP8ac_fixedILi12ELi4ELb1EL9ac_q_mode0EL9ac_o_mode0EES3_i0/Datapath_i/array_490354_0/ARRAY_1D_STD_BRAM_NN_instance/STD_NRNW_BRAM_GEN_instance/genblk1.STD_DP_BRAM_instance/ramout_92_bm_1[10]
CTOOFX_DEL  ---     0.306    R28C114A.B1 to  R28C114A.OFX0 cnn_top_inst/u_cnn/PBI_Z9myprojectP8ac_fixedILi12ELi4ELb1EL9ac_q_mode0EL9ac_o_mode0EES3_i0/Datapath_i/array_490354_0/ARRAY_1D_STD_BRAM_NN_instance/STD_NRNW_BRAM_GEN_instance/genblk1.STD_DP_BRAM_instance/memory.ram872__RNI23P33[10]/SLICE_9834
ROUTE         1     0.000  R28C114A.OFX0 to   R28C114A.FXB cnn_top_inst/u_cnn/PBI_Z9myprojectP8ac_fixedILi12ELi4ELb1EL9ac_q_mode0EL9ac_o_mode0EES3_i0/Datapath_i/array_490354_0/ARRAY_1D_STD_BRAM_NN_instance/STD_NRNW_BRAM_GEN_instance/genblk1.STD_DP_BRAM_instance/N_68013
FXTOF_DEL   ---     0.180   R28C114A.FXB to  R28C114A.OFX1 cnn_top_inst/u_cnn/PBI_Z9myprojectP8ac_fixedILi12ELi4ELb1EL9ac_q_mode0EL9ac_o_mode0EES3_i0/Datapath_i/array_490354_0/ARRAY_1D_STD_BRAM_NN_instance/STD_NRNW_BRAM_GEN_instance/genblk1.STD_DP_BRAM_instance/memory.ram872__RNI23P33[10]/SLICE_9834
ROUTE         2     2.322  R28C114A.OFX1 to     R41C92B.A0 cnn_top_inst/u_cnn/PBI_Z9myprojectP8ac_fixedILi12ELi4ELb1EL9ac_q_mode0EL9ac_o_mode0EES3_i0/Datapath_i/array_490354_0/ARRAY_1D_STD_BRAM_NN_instance/STD_NRNW_BRAM_GEN_instance/genblk1.STD_DP_BRAM_instance/N_68029
CTOF_DEL    ---     0.180     R41C92B.A0 to     R41C92B.F0 cnn_top_inst/u_cnn/PBI_Z9myprojectP8ac_fixedILi12ELi4ELb1EL9ac_q_mode0EL9ac_o_mode0EES3_i0/Datapath_i/SLICE_13303
ROUTE         2     1.344     R41C92B.F0 to     R45C99A.B0 cnn_top_inst/u_cnn/PBI_Z9myprojectP8ac_fixedILi12ELi4ELb1EL9ac_q_mode0EL9ac_o_mode0EES3_i0/Datapath_i/array_490354_0/ARRAY_1D_STD_BRAM_NN_instance/STD_NRNW_BRAM_GEN_instance/genblk1.STD_DP_BRAM_instance/N_68557
CTOOFX_DEL  ---     0.306     R45C99A.B0 to   R45C99A.OFX0 cnn_top_inst/u_cnn/PBI_Z9myprojectP8ac_fixedILi12ELi4ELb1EL9ac_q_mode0EL9ac_o_mode0EES3_i0/Datapath_i/array_490354_0/ARRAY_1D_STD_BRAM_NN_instance/STD_NRNW_BRAM_GEN_instance/genblk1.STD_DP_BRAM_instance/SLICE_5296
ROUTE         1     0.000   R45C99A.OFX0 to    R45C99A.DI0 cnn_top_inst/u_cnn/PBI_Z9myprojectP8ac_fixedILi12ELi4ELb1EL9ac_q_mode0EL9ac_o_mode0EES3_i0/Datapath_i/array_490354_0/ARRAY_1D_STD_BRAM_NN_instance/STD_NRNW_BRAM_GEN_instance/genblk1.STD_DP_BRAM_instance/memory[25] (to clk_i_c)
                  --------
                   28.075   (12.6% logic, 87.4% route), 17 logic levels.

 Clock Skew Details: 

      Source Clock Path clk_i to cnn_top_inst/u_cnn/PBI_Z9myprojectP8ac_fixedILi12ELi4ELb1EL9ac_q_mode0EL9ac_o_mode0EES3_i0/Controller_i/SLICE_1662:

   Name    Fanout   Delay (ns)          Site               Resource
ROUTE       999     2.249      E17.PADDI to    R37C68D.CLK clk_i_c
                  --------
                    2.249   (0.0% logic, 100.0% route), 0 logic levels.

      Destination Clock Path clk_i to cnn_top_inst/u_cnn/PBI_Z9myprojectP8ac_fixedILi12ELi4ELb1EL9ac_q_mode0EL9ac_o_mode0EES3_i0/Datapath_i/array_490354_0/ARRAY_1D_STD_BRAM_NN_instance/STD_NRNW_BRAM_GEN_instance/genblk1.STD_DP_BRAM_instance/SLICE_5296:

   Name    Fanout   Delay (ns)          Site               Resource
ROUTE       999     2.249      E17.PADDI to    R45C99A.CLK clk_i_c
                  --------
                    2.249   (0.0% logic, 100.0% route), 0 logic levels.

Report:   35.644MHz is the maximum frequency for this preference.


================================================================================
Preference: CLOCK_TO_OUT PORT "scl" 8.500000 ns CLKNET "clk_i_c" ;
            1 item scored, 1 timing error detected.
--------------------------------------------------------------------------------


Error:  The following path exceeds requirements by 0.117ns

 Logical Details:  Cell type  Pin type       Cell/ASIC name  (clock net +/-)

   Source:         FF         Q              i2c_inst/i2c_core/scl_out  (from clk_i_c +)
   Destination:    Port       Pad            scl

   Data Path Delay:     6.368ns  (40.6% logic, 59.4% route), 2 logic levels.

   Clock Path Delay:    2.249ns  (0.0% logic, 100.0% route), 0 logic levels.

 Constraint Details:
      2.249ns delay clk_i to i2c_inst/i2c_core/SLICE_8085 and
      6.368ns delay i2c_inst/i2c_core/SLICE_8085 to scl (totaling 8.617ns) exceeds
      8.500ns offset clk_i to scl by 0.117ns

 Physical Path Details:

      Clock path clk_i to i2c_inst/i2c_core/SLICE_8085:

   Name    Fanout   Delay (ns)          Site               Resource
ROUTE       999     2.249      E17.PADDI to    R48C96A.CLK clk_i_c
                  --------
                    2.249   (0.0% logic, 100.0% route), 0 logic levels.

      Data path i2c_inst/i2c_core/SLICE_8085 to scl:

   Name    Fanout   Delay (ns)          Site               Resource
REG_DEL     ---     0.395    R48C96A.CLK to     R48C96A.Q0 i2c_inst/i2c_core/SLICE_8085 (from clk_i_c)
ROUTE         6     3.780     R48C96A.Q0 to      D15.PADDO scl_c
DOPAD_DEL   ---     2.193      D15.PADDO to        D15.PAD scl
                  --------
                    6.368   (40.6% logic, 59.4% route), 2 logic levels.

Warning:   8.617ns is the minimum offset for this preference.


================================================================================
Preference: CLOCK_TO_OUT PORT "sda" 8.500000 ns CLKNET "clk_i_c" ;
            1 item scored, 1 timing error detected.
--------------------------------------------------------------------------------


Error:  The following path exceeds requirements by 0.277ns

 Logical Details:  Cell type  Pin type       Cell/ASIC name  (clock net +/-)

   Source:         FF         Q              i2c_inst/i2c_core/sda_out  (from clk_i_c +)
   Destination:    Port       Pad            sda

   Data Path Delay:     6.528ns  (39.6% logic, 60.4% route), 2 logic levels.

   Clock Path Delay:    2.249ns  (0.0% logic, 100.0% route), 0 logic levels.

 Constraint Details:
      2.249ns delay clk_i to i2c_inst/i2c_core/SLICE_8087 and
      6.528ns delay i2c_inst/i2c_core/SLICE_8087 to sda (totaling 8.777ns) exceeds
      8.500ns offset clk_i to sda by 0.277ns

 Physical Path Details:

      Clock path clk_i to i2c_inst/i2c_core/SLICE_8087:

   Name    Fanout   Delay (ns)          Site               Resource
ROUTE       999     2.249      E17.PADDI to    R48C97C.CLK clk_i_c
                  --------
                    2.249   (0.0% logic, 100.0% route), 0 logic levels.

      Data path i2c_inst/i2c_core/SLICE_8087 to sda:

   Name    Fanout   Delay (ns)          Site               Resource
REG_DEL     ---     0.395    R48C97C.CLK to     R48C97C.Q0 i2c_inst/i2c_core/SLICE_8087 (from clk_i_c)
ROUTE         3     3.940     R48C97C.Q0 to      F15.PADDO sda_c
DOPAD_DEL   ---     2.193      F15.PADDO to        F15.PAD sda
                  --------
                    6.528   (39.6% logic, 60.4% route), 2 logic levels.

Warning:   8.777ns is the minimum offset for this preference.


================================================================================
Preference: CLOCK_TO_OUT PORT "scl2" 8.500000 ns CLKNET "clk_i_c" ;
            1 item scored, 1 timing error detected.
--------------------------------------------------------------------------------


Error:  The following path exceeds requirements by 0.501ns

 Logical Details:  Cell type  Pin type       Cell/ASIC name  (clock net +/-)

   Source:         FF         Q              i2c_inst/i2c_core2/scl_out  (from clk_i_c +)
   Destination:    Port       Pad            scl2

   Data Path Delay:     6.752ns  (38.3% logic, 61.7% route), 2 logic levels.

   Clock Path Delay:    2.249ns  (0.0% logic, 100.0% route), 0 logic levels.

 Constraint Details:
      2.249ns delay clk_i to i2c_inst/i2c_core2/SLICE_8084 and
      6.752ns delay i2c_inst/i2c_core2/SLICE_8084 to scl2 (totaling 9.001ns) exceeds
      8.500ns offset clk_i to scl2 by 0.501ns

 Physical Path Details:

      Clock path clk_i to i2c_inst/i2c_core2/SLICE_8084:

   Name    Fanout   Delay (ns)          Site               Resource
ROUTE       999     2.249      E17.PADDI to    R52C99C.CLK clk_i_c
                  --------
                    2.249   (0.0% logic, 100.0% route), 0 logic levels.

      Data path i2c_inst/i2c_core2/SLICE_8084 to scl2:

   Name    Fanout   Delay (ns)          Site               Resource
REG_DEL     ---     0.395    R52C99C.CLK to     R52C99C.Q0 i2c_inst/i2c_core2/SLICE_8084 (from clk_i_c)
ROUTE         6     4.164     R52C99C.Q0 to      A14.PADDO scl2_c
DOPAD_DEL   ---     2.193      A14.PADDO to        A14.PAD scl2
                  --------
                    6.752   (38.3% logic, 61.7% route), 2 logic levels.

Warning:   9.001ns is the minimum offset for this preference.


================================================================================
Preference: CLOCK_TO_OUT PORT "sda2" 8.500000 ns CLKNET "clk_i_c" ;
            1 item scored, 1 timing error detected.
--------------------------------------------------------------------------------


Error:  The following path exceeds requirements by 0.465ns

 Logical Details:  Cell type  Pin type       Cell/ASIC name  (clock net +/-)

   Source:         FF         Q              i2c_inst/i2c_core2/sda_out  (from clk_i_c +)
   Destination:    Port       Pad            sda2

   Data Path Delay:     6.716ns  (38.5% logic, 61.5% route), 2 logic levels.

   Clock Path Delay:    2.249ns  (0.0% logic, 100.0% route), 0 logic levels.

 Constraint Details:
      2.249ns delay clk_i to i2c_inst/i2c_core2/SLICE_8086 and
      6.716ns delay i2c_inst/i2c_core2/SLICE_8086 to sda2 (totaling 8.965ns) exceeds
      8.500ns offset clk_i to sda2 by 0.465ns

 Physical Path Details:

      Clock path clk_i to i2c_inst/i2c_core2/SLICE_8086:

   Name    Fanout   Delay (ns)          Site               Resource
ROUTE       999     2.249      E17.PADDI to    R52C97B.CLK clk_i_c
                  --------
                    2.249   (0.0% logic, 100.0% route), 0 logic levels.

      Data path i2c_inst/i2c_core2/SLICE_8086 to sda2:

   Name    Fanout   Delay (ns)          Site               Resource
REG_DEL     ---     0.395    R52C97B.CLK to     R52C97B.Q0 i2c_inst/i2c_core2/SLICE_8086 (from clk_i_c)
ROUTE         3     4.128     R52C97B.Q0 to      B14.PADDO sda2_c
DOPAD_DEL   ---     2.193      B14.PADDO to        B14.PAD sda2
                  --------
                    6.716   (38.5% logic, 61.5% route), 2 logic levels.

Warning:   8.965ns is the minimum offset for this preference.

Report Summary
--------------
----------------------------------------------------------------------------
Preference                              |   Constraint|       Actual|Levels
----------------------------------------------------------------------------
                                        |             |             |
FREQUENCY PORT "CSI2_sens_clk"          |             |             |
148.500000 MHz ;                        |  148.500 MHz|  160.000 MHz|   8  
                                        |             |             |
FREQUENCY PORT "clk_i" 27.000000 MHz ;  |   27.000 MHz|   35.644 MHz|  18  
                                        |             |             |
CLOCK_TO_OUT PORT "scl" 8.500000 ns     |             |             |
CLKNET "clk_i_c" ;                      |     8.500 ns|     8.617 ns|   2 *
                                        |             |             |
CLOCK_TO_OUT PORT "sda" 8.500000 ns     |             |             |
CLKNET "clk_i_c" ;                      |     8.500 ns|     8.777 ns|   2 *
                                        |             |             |
CLOCK_TO_OUT PORT "scl2" 8.500000 ns    |             |             |
CLKNET "clk_i_c" ;                      |     8.500 ns|     9.001 ns|   2 *
                                        |             |             |
CLOCK_TO_OUT PORT "sda2" 8.500000 ns    |             |             |
CLKNET "clk_i_c" ;                      |     8.500 ns|     8.965 ns|   2 *
                                        |             |             |
----------------------------------------------------------------------------


4 preferences(marked by "*" above) not met.

----------------------------------------------------------------------------
Critical Nets                           |   Loads|  Errors| % of total
----------------------------------------------------------------------------
sda_c                                   |       3|       1|     25.00%
                                        |        |        |
scl_c                                   |       6|       1|     25.00%
                                        |        |        |
sda2_c                                  |       3|       1|     25.00%
                                        |        |        |
scl2_c                                  |       6|       1|     25.00%
                                        |        |        |
----------------------------------------------------------------------------


Clock Domains Analysis
------------------------

Found 4 clocks:

Clock Domain: sa5pht/rdcnt[9]   Source: sa5pht/SLICE_8081.Q0   Loads: 24
   No transfer within this clock domain is found

Clock Domain: sa5pht/lclk   Source: sa5pht/SLICE_14700.F0   Loads: 8
   No transfer within this clock domain is found

Clock Domain: clk_i_c   Source: clk_i.PAD   Loads: 6497
   Covered under: FREQUENCY PORT "clk_i" 27.000000 MHz ;

   Data transfers from:
   Clock Domain: CSI2_sens_clk_c   Source: CSI2_sens_clk.PAD
      Not reported because source and destination domains are unrelated.
      To report these transfers please refer to preference CLKSKEWDIFF to define
      external clock skew between clock ports.

Clock Domain: CSI2_sens_clk_c   Source: CSI2_sens_clk.PAD   Loads: 723
   Covered under: FREQUENCY PORT "CSI2_sens_clk" 148.500000 MHz ;

   Data transfers from:
   Clock Domain: clk_i_c   Source: clk_i.PAD
      Not reported because source and destination domains are unrelated.
      To report these transfers please refer to preference CLKSKEWDIFF to define
      external clock skew between clock ports.


Timing summary (Setup):
---------------

Timing errors: 4  Score: 1360
Cumulative negative slack: 1360

Constraints cover 572975167 paths, 2 nets, and 105519 connections (99.22% coverage)

--------------------------------------------------------------------------------
Lattice TRACE Report - Hold, Version Diamond (64-bit) 3.12.1.454
Tue Jun  2 17:31:09 2026

Copyright (c) 1991-1994 by NeoCAD Inc. All rights reserved.
Copyright (c) 1995 AT&T Corp.   All rights reserved.
Copyright (c) 1995-2001 Lucent Technologies Inc.  All rights reserved.
Copyright (c) 2001 Agere Systems   All rights reserved.
Copyright (c) 2002-2020 Lattice Semiconductor Corporation,  All rights reserved.

Report Information
------------------
Command line:    trce -v 10 -gt -sethld -sp 8 -sphld m -o Raw10toParallel_impl1.twr Raw10toParallel_impl1.ncd Raw10toParallel_impl1.prf 
Design file:     Raw10toParallel_impl1.ncd
Preference file: Raw10toParallel_impl1.prf
Device,speed:    LFE5UM-85F,m
Report level:    verbose report, limited to 10 items per preference
--------------------------------------------------------------------------------

90 potential circuit loops found in timing analysis.
BLOCK ASYNCPATHS
BLOCK RESETPATHS
BLOCK JTAG PATHS
--------------------------------------------------------------------------------



================================================================================
Preference: FREQUENCY PORT "CSI2_sens_clk" 148.500000 MHz ;
            4096 items scored, 0 timing errors detected.
--------------------------------------------------------------------------------


Passed: The following path meets requirements by 0.159ns

 Logical Details:  Cell type  Pin type       Cell/ASIC name  (clock net +/-)

   Source:         FF         Q              frame_grabber_inst/sample_addr_s2_CF1[0]  (from CSI2_sens_clk_c +)
   Destination:    FF         Data in        frame_grabber_inst/sample_addr_s2_CR9_ram/RAM0  (to CSI2_sens_clk_c +)
                   FF                        frame_grabber_inst/sample_addr_s2_CR9_ram/RAM0

   Delay:               0.300ns  (54.7% logic, 45.3% route), 2 logic levels.

 Constraint Details:

      0.300ns physical path delay frame_grabber_inst/SLICE_7521 to frame_grabber_inst/sample_addr_s2_CR9_ram/SLICE_1521 meets
      0.141ns WAD_HLD and
      0.000ns delay constraint less
      0.000ns skew requirement (totaling 0.141ns) by 0.159ns

 Physical Path Details:

      Data path frame_grabber_inst/SLICE_7521 to frame_grabber_inst/sample_addr_s2_CR9_ram/SLICE_1521:

   Name    Fanout   Delay (ns)          Site               Resource
REG_DEL     ---     0.164    R54C91D.CLK to     R54C91D.Q0 frame_grabber_inst/SLICE_7521 (from CSI2_sens_clk_c)
ROUTE         5     0.136     R54C91D.Q0 to     R54C91C.D0 frame_grabber_inst/CO0
ZERO_DEL    ---     0.000     R54C91C.D0 to  R54C91C.WADO0 frame_grabber_inst/sample_addr_s2_CR9_ram/SLICE_1520
ROUTE         2     0.000  R54C91C.WADO0 to   R54C91A.WAD0 frame_grabber_inst/sample_addr_s2_CR9_ram/WAD0_INT (to CSI2_sens_clk_c)
                  --------
                    0.300   (54.7% logic, 45.3% route), 2 logic levels.

 Clock Skew Details: 

      Source Clock Path CSI2_sens_clk to frame_grabber_inst/SLICE_7521:

   Name    Fanout   Delay (ns)          Site               Resource
ROUTE       723     0.911      P27.PADDI to    R54C91D.CLK CSI2_sens_clk_c
                  --------
                    0.911   (0.0% logic, 100.0% route), 0 logic levels.

      Destination Clock Path CSI2_sens_clk to frame_grabber_inst/sample_addr_s2_CR9_ram/SLICE_1521:

   Name    Fanout   Delay (ns)          Site               Resource
ROUTE       723     0.911      P27.PADDI to    R54C91A.WCK CSI2_sens_clk_c
                  --------
                    0.911   (0.0% logic, 100.0% route), 0 logic levels.


Passed: The following path meets requirements by 0.159ns

 Logical Details:  Cell type  Pin type       Cell/ASIC name  (clock net +/-)

   Source:         FF         Q              frame_grabber_inst/sample_addr_s2_CF1[0]  (from CSI2_sens_clk_c +)
   Destination:    FF         Data in        frame_grabber_inst/sample_addr_s2_CR9_ram/RAM1  (to CSI2_sens_clk_c +)
                   FF                        frame_grabber_inst/sample_addr_s2_CR9_ram/RAM1

   Delay:               0.300ns  (54.7% logic, 45.3% route), 2 logic levels.

 Constraint Details:

      0.300ns physical path delay frame_grabber_inst/SLICE_7521 to frame_grabber_inst/sample_addr_s2_CR9_ram/SLICE_1522 meets
      0.141ns WAD_HLD and
      0.000ns delay constraint less
      0.000ns skew requirement (totaling 0.141ns) by 0.159ns

 Physical Path Details:

      Data path frame_grabber_inst/SLICE_7521 to frame_grabber_inst/sample_addr_s2_CR9_ram/SLICE_1522:

   Name    Fanout   Delay (ns)          Site               Resource
REG_DEL     ---     0.164    R54C91D.CLK to     R54C91D.Q0 frame_grabber_inst/SLICE_7521 (from CSI2_sens_clk_c)
ROUTE         5     0.136     R54C91D.Q0 to     R54C91C.D0 frame_grabber_inst/CO0
ZERO_DEL    ---     0.000     R54C91C.D0 to  R54C91C.WADO0 frame_grabber_inst/sample_addr_s2_CR9_ram/SLICE_1520
ROUTE         2     0.000  R54C91C.WADO0 to   R54C91B.WAD0 frame_grabber_inst/sample_addr_s2_CR9_ram/WAD0_INT (to CSI2_sens_clk_c)
                  --------
                    0.300   (54.7% logic, 45.3% route), 2 logic levels.

 Clock Skew Details: 

      Source Clock Path CSI2_sens_clk to frame_grabber_inst/SLICE_7521:

   Name    Fanout   Delay (ns)          Site               Resource
ROUTE       723     0.911      P27.PADDI to    R54C91D.CLK CSI2_sens_clk_c
                  --------
                    0.911   (0.0% logic, 100.0% route), 0 logic levels.

      Destination Clock Path CSI2_sens_clk to frame_grabber_inst/sample_addr_s2_CR9_ram/SLICE_1522:

   Name    Fanout   Delay (ns)          Site               Resource
ROUTE       723     0.911      P27.PADDI to    R54C91B.WCK CSI2_sens_clk_c
                  --------
                    0.911   (0.0% logic, 100.0% route), 0 logic levels.


Passed: The following path meets requirements by 0.163ns

 Logical Details:  Cell type  Pin type       Cell/ASIC name  (clock net +/-)

   Source:         FF         Q              frame_grabber_inst/sample_addr_s2_CF1[0]  (from CSI2_sens_clk_c +)
   Destination:    FF         Data in        frame_grabber_inst/sample_addr_s2_CR9_ram_0/RAM1  (to CSI2_sens_clk_c +)
                   FF                        frame_grabber_inst/sample_addr_s2_CR9_ram_0/RAM1

   Delay:               0.304ns  (53.9% logic, 46.1% route), 2 logic levels.

 Constraint Details:

      0.304ns physical path delay frame_grabber_inst/SLICE_7521 to frame_grabber_inst/sample_addr_s2_CR9_ram_0/SLICE_1527 meets
      0.141ns WAD_HLD and
      0.000ns delay constraint less
      0.000ns skew requirement (totaling 0.141ns) by 0.163ns

 Physical Path Details:

      Data path frame_grabber_inst/SLICE_7521 to frame_grabber_inst/sample_addr_s2_CR9_ram_0/SLICE_1527:

   Name    Fanout   Delay (ns)          Site               Resource
REG_DEL     ---     0.164    R54C91D.CLK to     R54C91D.Q0 frame_grabber_inst/SLICE_7521 (from CSI2_sens_clk_c)
ROUTE         5     0.140     R54C91D.Q0 to     R55C91C.D0 frame_grabber_inst/CO0
ZERO_DEL    ---     0.000     R55C91C.D0 to  R55C91C.WADO0 frame_grabber_inst/sample_addr_s2_CR9_ram_0/SLICE_1525
ROUTE         2     0.000  R55C91C.WADO0 to   R55C91B.WAD0 frame_grabber_inst/sample_addr_s2_CR9_ram_0/WAD0_INT (to CSI2_sens_clk_c)
                  --------
                    0.304   (53.9% logic, 46.1% route), 2 logic levels.

 Clock Skew Details: 

      Source Clock Path CSI2_sens_clk to frame_grabber_inst/SLICE_7521:

   Name    Fanout   Delay (ns)          Site               Resource
ROUTE       723     0.911      P27.PADDI to    R54C91D.CLK CSI2_sens_clk_c
                  --------
                    0.911   (0.0% logic, 100.0% route), 0 logic levels.

      Destination Clock Path CSI2_sens_clk to frame_grabber_inst/sample_addr_s2_CR9_ram_0/SLICE_1527:

   Name    Fanout   Delay (ns)          Site               Resource
ROUTE       723     0.911      P27.PADDI to    R55C91B.WCK CSI2_sens_clk_c
                  --------
                    0.911   (0.0% logic, 100.0% route), 0 logic levels.


Passed: The following path meets requirements by 0.163ns

 Logical Details:  Cell type  Pin type       Cell/ASIC name  (clock net +/-)

   Source:         FF         Q              frame_grabber_inst/sample_addr_s2_CF1[0]  (from CSI2_sens_clk_c +)
   Destination:    FF         Data in        frame_grabber_inst/sample_addr_s2_CR9_ram_0/RAM0  (to CSI2_sens_clk_c +)
                   FF                        frame_grabber_inst/sample_addr_s2_CR9_ram_0/RAM0

   Delay:               0.304ns  (53.9% logic, 46.1% route), 2 logic levels.

 Constraint Details:

      0.304ns physical path delay frame_grabber_inst/SLICE_7521 to frame_grabber_inst/sample_addr_s2_CR9_ram_0/SLICE_1526 meets
      0.141ns WAD_HLD and
      0.000ns delay constraint less
      0.000ns skew requirement (totaling 0.141ns) by 0.163ns

 Physical Path Details:

      Data path frame_grabber_inst/SLICE_7521 to frame_grabber_inst/sample_addr_s2_CR9_ram_0/SLICE_1526:

   Name    Fanout   Delay (ns)          Site               Resource
REG_DEL     ---     0.164    R54C91D.CLK to     R54C91D.Q0 frame_grabber_inst/SLICE_7521 (from CSI2_sens_clk_c)
ROUTE         5     0.140     R54C91D.Q0 to     R55C91C.D0 frame_grabber_inst/CO0
ZERO_DEL    ---     0.000     R55C91C.D0 to  R55C91C.WADO0 frame_grabber_inst/sample_addr_s2_CR9_ram_0/SLICE_1525
ROUTE         2     0.000  R55C91C.WADO0 to   R55C91A.WAD0 frame_grabber_inst/sample_addr_s2_CR9_ram_0/WAD0_INT (to CSI2_sens_clk_c)
                  --------
                    0.304   (53.9% logic, 46.1% route), 2 logic levels.

 Clock Skew Details: 

      Source Clock Path CSI2_sens_clk to frame_grabber_inst/SLICE_7521:

   Name    Fanout   Delay (ns)          Site               Resource
ROUTE       723     0.911      P27.PADDI to    R54C91D.CLK CSI2_sens_clk_c
                  --------
                    0.911   (0.0% logic, 100.0% route), 0 logic levels.

      Destination Clock Path CSI2_sens_clk to frame_grabber_inst/sample_addr_s2_CR9_ram_0/SLICE_1526:

   Name    Fanout   Delay (ns)          Site               Resource
ROUTE       723     0.911      P27.PADDI to    R55C91A.WCK CSI2_sens_clk_c
                  --------
                    0.911   (0.0% logic, 100.0% route), 0 logic levels.


Passed: The following path meets requirements by 0.163ns

 Logical Details:  Cell type  Pin type       Cell/ASIC name  (clock net +/-)

   Source:         FF         Q              frame_grabber_inst/sample_addr_s2_CF1[0]  (from CSI2_sens_clk_c +)
   Destination:    FF         Data in        frame_grabber_inst/sample_addr_s2_CR9_ram_1/RAM0  (to CSI2_sens_clk_c +)
                   FF                        frame_grabber_inst/sample_addr_s2_CR9_ram_1/RAM0

   Delay:               0.304ns  (53.9% logic, 46.1% route), 2 logic levels.

 Constraint Details:

      0.304ns physical path delay frame_grabber_inst/SLICE_7521 to frame_grabber_inst/sample_addr_s2_CR9_ram_1/SLICE_1524 meets
      0.141ns WAD_HLD and
      0.000ns delay constraint less
      0.000ns skew requirement (totaling 0.141ns) by 0.163ns

 Physical Path Details:

      Data path frame_grabber_inst/SLICE_7521 to frame_grabber_inst/sample_addr_s2_CR9_ram_1/SLICE_1524:

   Name    Fanout   Delay (ns)          Site               Resource
REG_DEL     ---     0.164    R54C91D.CLK to     R54C91D.Q0 frame_grabber_inst/SLICE_7521 (from CSI2_sens_clk_c)
ROUTE         5     0.140     R54C91D.Q0 to     R56C91C.D0 frame_grabber_inst/CO0
ZERO_DEL    ---     0.000     R56C91C.D0 to  R56C91C.WADO0 frame_grabber_inst/sample_addr_s2_CR9_ram_1/SLICE_1523
ROUTE         2     0.000  R56C91C.WADO0 to   R56C91A.WAD0 frame_grabber_inst/sample_addr_s2_CR9_ram_1/WAD0_INT (to CSI2_sens_clk_c)
                  --------
                    0.304   (53.9% logic, 46.1% route), 2 logic levels.

 Clock Skew Details: 

      Source Clock Path CSI2_sens_clk to frame_grabber_inst/SLICE_7521:

   Name    Fanout   Delay (ns)          Site               Resource
ROUTE       723     0.911      P27.PADDI to    R54C91D.CLK CSI2_sens_clk_c
                  --------
                    0.911   (0.0% logic, 100.0% route), 0 logic levels.

      Destination Clock Path CSI2_sens_clk to frame_grabber_inst/sample_addr_s2_CR9_ram_1/SLICE_1524:

   Name    Fanout   Delay (ns)          Site               Resource
ROUTE       723     0.911      P27.PADDI to    R56C91A.WCK CSI2_sens_clk_c
                  --------
                    0.911   (0.0% logic, 100.0% route), 0 logic levels.


Passed: The following path meets requirements by 0.174ns

 Logical Details:  Cell type  Pin type       Cell/ASIC name  (clock net +/-)

   Source:         FF         Q              image_pipe_inst/u_gamma_correction/hsync_dly[4]  (from CSI2_sens_clk_c +)
   Destination:    FF         Data in        text_overlay_inst/hsync_r1  (to CSI2_sens_clk_c +)

   Delay:               0.292ns  (55.8% logic, 44.2% route), 1 logic levels.

 Constraint Details:

      0.292ns physical path delay SLICE_8117 to SLICE_8117 meets
      0.118ns M_HLD and
      0.000ns delay constraint less
      0.000ns skew requirement (totaling 0.118ns) by 0.174ns

 Physical Path Details:

      Data path SLICE_8117 to SLICE_8117:

   Name    Fanout   Delay (ns)          Site               Resource
REG_DEL     ---     0.163   R80C103B.CLK to    R80C103B.Q1 SLICE_8117 (from CSI2_sens_clk_c)
ROUTE         1     0.129    R80C103B.Q1 to    R80C103B.M0 hsync_dly_Q_0[4] (to CSI2_sens_clk_c)
                  --------
                    0.292   (55.8% logic, 44.2% route), 1 logic levels.

 Clock Skew Details: 

      Source Clock Path CSI2_sens_clk to SLICE_8117:

   Name    Fanout   Delay (ns)          Site               Resource
ROUTE       723     0.911      P27.PADDI to   R80C103B.CLK CSI2_sens_clk_c
                  --------
                    0.911   (0.0% logic, 100.0% route), 0 logic levels.

      Destination Clock Path CSI2_sens_clk to SLICE_8117:

   Name    Fanout   Delay (ns)          Site               Resource
ROUTE       723     0.911      P27.PADDI to   R80C103B.CLK CSI2_sens_clk_c
                  --------
                    0.911   (0.0% logic, 100.0% route), 0 logic levels.


Passed: The following path meets requirements by 0.174ns

 Logical Details:  Cell type  Pin type       Cell/ASIC name  (clock net +/-)

   Source:         FF         Q              frame_grabber_inst/sample_last_s1  (from CSI2_sens_clk_c +)
   Destination:    FF         Data in        frame_grabber_inst/sample_last_s2_0  (to CSI2_sens_clk_c +)

   Delay:               0.292ns  (55.8% logic, 44.2% route), 1 logic levels.

 Constraint Details:

      0.292ns physical path delay frame_grabber_inst/SLICE_7536 to frame_grabber_inst/SLICE_7537 meets
      0.118ns M_HLD and
      0.000ns delay constraint less
      0.000ns skew requirement (totaling 0.118ns) by 0.174ns

 Physical Path Details:

      Data path frame_grabber_inst/SLICE_7536 to frame_grabber_inst/SLICE_7537:

   Name    Fanout   Delay (ns)          Site               Resource
REG_DEL     ---     0.163    R55C92A.CLK to     R55C92A.Q1 frame_grabber_inst/SLICE_7536 (from CSI2_sens_clk_c)
ROUTE         1     0.129     R55C92A.Q1 to     R55C92B.M0 frame_grabber_inst/sample_last_s1 (to CSI2_sens_clk_c)
                  --------
                    0.292   (55.8% logic, 44.2% route), 1 logic levels.

 Clock Skew Details: 

      Source Clock Path CSI2_sens_clk to frame_grabber_inst/SLICE_7536:

   Name    Fanout   Delay (ns)          Site               Resource
ROUTE       723     0.911      P27.PADDI to    R55C92A.CLK CSI2_sens_clk_c
                  --------
                    0.911   (0.0% logic, 100.0% route), 0 logic levels.

      Destination Clock Path CSI2_sens_clk to frame_grabber_inst/SLICE_7537:

   Name    Fanout   Delay (ns)          Site               Resource
ROUTE       723     0.911      P27.PADDI to    R55C92B.CLK CSI2_sens_clk_c
                  --------
                    0.911   (0.0% logic, 100.0% route), 0 logic levels.


Passed: The following path meets requirements by 0.174ns

 Logical Details:  Cell type  Pin type       Cell/ASIC name  (clock net +/-)

   Source:         FF         Q              image_pipe_inst/u_color/csc_inst/colorspace_inst/u1_colorspace/u1_core/u1_mult_core.genblk1.genblk1.genblk1.u_para_mult_acc.add3_out[0][8]  (from CSI2_sens_clk_c +)
   Destination:    FF         Data in        image_pipe_inst/u_color/csc_inst/colorspace_inst/u1_colorspace/u1_core/u0_bitp.u_round.u_lsb.dina[1]  (to CSI2_sens_clk_c +)

   Delay:               0.292ns  (55.8% logic, 44.2% route), 1 logic levels.

 Constraint Details:

      0.292ns physical path delay image_pipe_inst/u_color/csc_inst/colorspace_inst/u1_colorspace/u1_core/SLICE_7781 to image_pipe_inst/u_color/csc_inst/colorspace_inst/u1_colorspace/u1_core/SLICE_7856 meets
      0.118ns M_HLD and
      0.000ns delay constraint less
      0.000ns skew requirement (totaling 0.118ns) by 0.174ns

 Physical Path Details:

      Data path image_pipe_inst/u_color/csc_inst/colorspace_inst/u1_colorspace/u1_core/SLICE_7781 to image_pipe_inst/u_color/csc_inst/colorspace_inst/u1_colorspace/u1_core/SLICE_7856:

   Name    Fanout   Delay (ns)          Site               Resource
REG_DEL     ---     0.163    R68C51C.CLK to     R68C51C.Q1 image_pipe_inst/u_color/csc_inst/colorspace_inst/u1_colorspace/u1_core/SLICE_7781 (from CSI2_sens_clk_c)
ROUTE         1     0.129     R68C51C.Q1 to     R68C51B.M1 image_pipe_inst/u_color/csc_inst/colorspace_inst/u1_colorspace/u1_core/N_4997 (to CSI2_sens_clk_c)
                  --------
                    0.292   (55.8% logic, 44.2% route), 1 logic levels.

 Clock Skew Details: 

      Source Clock Path CSI2_sens_clk to image_pipe_inst/u_color/csc_inst/colorspace_inst/u1_colorspace/u1_core/SLICE_7781:

   Name    Fanout   Delay (ns)          Site               Resource
ROUTE       723     0.911      P27.PADDI to    R68C51C.CLK CSI2_sens_clk_c
                  --------
                    0.911   (0.0% logic, 100.0% route), 0 logic levels.

      Destination Clock Path CSI2_sens_clk to image_pipe_inst/u_color/csc_inst/colorspace_inst/u1_colorspace/u1_core/SLICE_7856:

   Name    Fanout   Delay (ns)          Site               Resource
ROUTE       723     0.911      P27.PADDI to    R68C51B.CLK CSI2_sens_clk_c
                  --------
                    0.911   (0.0% logic, 100.0% route), 0 logic levels.


Passed: The following path meets requirements by 0.174ns

 Logical Details:  Cell type  Pin type       Cell/ASIC name  (clock net +/-)

   Source:         FF         Q              image_pipe_inst/u_color/csc_inst/colorspace_inst/u1_colorspace/u1_core/G2.genblk1.u1_bitp.u_round.u_lsb.dina[3]  (from CSI2_sens_clk_c +)
   Destination:    FF         Data in        image_pipe_inst/u_color/csc_inst/colorspace_inst/u1_colorspace/u1_core/G2.genblk1.u1_bitp.u_round.u_lsb.genblk1.genblk1.u_padder.genblk1.A[0].genblk1.oreg[0][0][3]  (to CSI2_sens_clk_c +)

   Delay:               0.292ns  (55.8% logic, 44.2% route), 1 logic levels.

 Constraint Details:

      0.292ns physical path delay image_pipe_inst/u_color/csc_inst/colorspace_inst/u1_colorspace/u1_core/SLICE_7743 to image_pipe_inst/u_color/csc_inst/colorspace_inst/u1_colorspace/u1_core/SLICE_7737 meets
      0.118ns M_HLD and
      0.000ns delay constraint less
      0.000ns skew requirement (totaling 0.118ns) by 0.174ns

 Physical Path Details:

      Data path image_pipe_inst/u_color/csc_inst/colorspace_inst/u1_colorspace/u1_core/SLICE_7743 to image_pipe_inst/u_color/csc_inst/colorspace_inst/u1_colorspace/u1_core/SLICE_7737:

   Name    Fanout   Delay (ns)          Site               Resource
REG_DEL     ---     0.163    R84C73A.CLK to     R84C73A.Q1 image_pipe_inst/u_color/csc_inst/colorspace_inst/u1_colorspace/u1_core/SLICE_7743 (from CSI2_sens_clk_c)
ROUTE         1     0.129     R84C73A.Q1 to     R84C73D.M1 image_pipe_inst/u_color/csc_inst/colorspace_inst/u1_colorspace/u1_core/G2.genblk1.u1_bitp.u_round.u_lsb.genblk2.genblk1.dina[3] (to CSI2_sens_clk_c)
                  --------
                    0.292   (55.8% logic, 44.2% route), 1 logic levels.

 Clock Skew Details: 

      Source Clock Path CSI2_sens_clk to image_pipe_inst/u_color/csc_inst/colorspace_inst/u1_colorspace/u1_core/SLICE_7743:

   Name    Fanout   Delay (ns)          Site               Resource
ROUTE       723     0.911      P27.PADDI to    R84C73A.CLK CSI2_sens_clk_c
                  --------
                    0.911   (0.0% logic, 100.0% route), 0 logic levels.

      Destination Clock Path CSI2_sens_clk to image_pipe_inst/u_color/csc_inst/colorspace_inst/u1_colorspace/u1_core/SLICE_7737:

   Name    Fanout   Delay (ns)          Site               Resource
ROUTE       723     0.911      P27.PADDI to    R84C73D.CLK CSI2_sens_clk_c
                  --------
                    0.911   (0.0% logic, 100.0% route), 0 logic levels.


Passed: The following path meets requirements by 0.174ns

 Logical Details:  Cell type  Pin type       Cell/ASIC name  (clock net +/-)

   Source:         FF         Q              image_pipe_inst/u_color/csc_inst/colorspace_inst/u1_colorspace/u1_core/G2.genblk1.u1_bitp.u_round.u_lsb.genblk1.genblk1.u_padder.genblk1.A[0].genblk1.oreg[0][0][7]  (from CSI2_sens_clk_c +)
   Destination:    FF         Data in        image_pipe_inst/u_color/csc_inst/colorspace_inst/u1_colorspace/u1_core/G2.genblk1.u1_bitp.u_round.u_msb.msb_doutr[7]  (to CSI2_sens_clk_c +)

   Delay:               0.292ns  (55.8% logic, 44.2% route), 1 logic levels.

 Constraint Details:

      0.292ns physical path delay image_pipe_inst/u_color/csc_inst/colorspace_inst/u1_colorspace/u1_core/SLICE_7739 to image_pipe_inst/u_color/csc_inst/colorspace_inst/u1_colorspace/u1_core/SLICE_7657 meets
      0.118ns M_HLD and
      0.000ns delay constraint less
      0.000ns skew requirement (totaling 0.118ns) by 0.174ns

 Physical Path Details:

      Data path image_pipe_inst/u_color/csc_inst/colorspace_inst/u1_colorspace/u1_core/SLICE_7739 to image_pipe_inst/u_color/csc_inst/colorspace_inst/u1_colorspace/u1_core/SLICE_7657:

   Name    Fanout   Delay (ns)          Site               Resource
REG_DEL     ---     0.163    R81C66C.CLK to     R81C66C.Q1 image_pipe_inst/u_color/csc_inst/colorspace_inst/u1_colorspace/u1_core/SLICE_7739 (from CSI2_sens_clk_c)
ROUTE         1     0.129     R81C66C.Q1 to     R81C66A.M1 image_pipe_inst/u_color/csc_inst/colorspace_inst/u1_colorspace/u1_core/G2.genblk1.u1_bitp.u_round.lsb_dout[7] (to CSI2_sens_clk_c)
                  --------
                    0.292   (55.8% logic, 44.2% route), 1 logic levels.

 Clock Skew Details: 

      Source Clock Path CSI2_sens_clk to image_pipe_inst/u_color/csc_inst/colorspace_inst/u1_colorspace/u1_core/SLICE_7739:

   Name    Fanout   Delay (ns)          Site               Resource
ROUTE       723     0.911      P27.PADDI to    R81C66C.CLK CSI2_sens_clk_c
                  --------
                    0.911   (0.0% logic, 100.0% route), 0 logic levels.

      Destination Clock Path CSI2_sens_clk to image_pipe_inst/u_color/csc_inst/colorspace_inst/u1_colorspace/u1_core/SLICE_7657:

   Name    Fanout   Delay (ns)          Site               Resource
ROUTE       723     0.911      P27.PADDI to    R81C66A.CLK CSI2_sens_clk_c
                  --------
                    0.911   (0.0% logic, 100.0% route), 0 logic levels.


================================================================================
Preference: FREQUENCY PORT "clk_i" 27.000000 MHz ;
            4096 items scored, 0 timing errors detected.
--------------------------------------------------------------------------------


Passed: The following path meets requirements by 0.175ns

 Logical Details:  Cell type  Pin type       Cell/ASIC name  (clock net +/-)

   Source:         FF         Q              frame_done_toggle_sync_clk_i[0]  (from clk_i_c +)
   Destination:    FF         Data in        frame_done_toggle_sync_clk_i[1]  (to clk_i_c +)

   Delay:               0.293ns  (56.0% logic, 44.0% route), 1 logic levels.

 Constraint Details:

      0.293ns physical path delay SLICE_7518 to SLICE_7518 meets
      0.118ns M_HLD and
      0.000ns delay constraint less
      0.000ns skew requirement (totaling 0.118ns) by 0.175ns

 Physical Path Details:

      Data path SLICE_7518 to SLICE_7518:

   Name    Fanout   Delay (ns)          Site               Resource
REG_DEL     ---     0.164    R57C91D.CLK to     R57C91D.Q0 SLICE_7518 (from clk_i_c)
ROUTE         1     0.129     R57C91D.Q0 to     R57C91D.M1 frame_done_toggle_sync_clk_i[0] (to clk_i_c)
                  --------
                    0.293   (56.0% logic, 44.0% route), 1 logic levels.

 Clock Skew Details: 

      Source Clock Path clk_i to SLICE_7518:

   Name    Fanout   Delay (ns)          Site               Resource
ROUTE       999     0.911      E17.PADDI to    R57C91D.CLK clk_i_c
                  --------
                    0.911   (0.0% logic, 100.0% route), 0 logic levels.

      Destination Clock Path clk_i to SLICE_7518:

   Name    Fanout   Delay (ns)          Site               Resource
ROUTE       999     0.911      E17.PADDI to    R57C91D.CLK clk_i_c
                  --------
                    0.911   (0.0% logic, 100.0% route), 0 logic levels.


Passed: The following path meets requirements by 0.175ns

 Logical Details:  Cell type  Pin type       Cell/ASIC name  (clock net +/-)

   Source:         FF         Q              cnn_top_inst/u_cnn/PBI_Z9myprojectP8ac_fixedILi12ELi4ELb1EL9ac_q_mode0EL9ac_o_mode0EES3_i0/Datapath_i/reg_1035/reg_out1[5]  (from clk_i_c +)
   Destination:    FF         Data in        cnn_top_inst/u_cnn/PBI_Z9myprojectP8ac_fixedILi12ELi4ELb1EL9ac_q_mode0EL9ac_o_mode0EES3_i0/Datapath_i/reg_1052/reg_out1[5]  (to clk_i_c +)

   Delay:               0.293ns  (56.0% logic, 44.0% route), 1 logic levels.

 Constraint Details:

      0.293ns physical path delay cnn_top_inst/u_cnn/PBI_Z9myprojectP8ac_fixedILi12ELi4ELb1EL9ac_q_mode0EL9ac_o_mode0EES3_i0/Datapath_i/reg_1035/SLICE_5502 to cnn_top_inst/u_cnn/PBI_Z9myprojectP8ac_fixedILi12ELi4ELb1EL9ac_q_mode0EL9ac_o_mode0EES3_i0/Datapath_i/reg_1052/SLICE_5510 meets
      0.118ns M_HLD and
      0.000ns delay constraint less
      0.000ns skew requirement (totaling 0.118ns) by 0.175ns

 Physical Path Details:

      Data path cnn_top_inst/u_cnn/PBI_Z9myprojectP8ac_fixedILi12ELi4ELb1EL9ac_q_mode0EL9ac_o_mode0EES3_i0/Datapath_i/reg_1035/SLICE_5502 to cnn_top_inst/u_cnn/PBI_Z9myprojectP8ac_fixedILi12ELi4ELb1EL9ac_q_mode0EL9ac_o_mode0EES3_i0/Datapath_i/reg_1052/SLICE_5510:

   Name    Fanout   Delay (ns)          Site               Resource
REG_DEL     ---     0.164    R52C55A.CLK to     R52C55A.Q0 cnn_top_inst/u_cnn/PBI_Z9myprojectP8ac_fixedILi12ELi4ELb1EL9ac_q_mode0EL9ac_o_mode0EES3_i0/Datapath_i/reg_1035/SLICE_5502 (from clk_i_c)
ROUTE         1     0.129     R52C55A.Q0 to     R52C55C.M0 cnn_top_inst/u_cnn/PBI_Z9myprojectP8ac_fixedILi12ELi4ELb1EL9ac_q_mode0EL9ac_o_mode0EES3_i0/Datapath_i/out_reg_1035_reg_1035[5] (to clk_i_c)
                  --------
                    0.293   (56.0% logic, 44.0% route), 1 logic levels.

 Clock Skew Details: 

      Source Clock Path clk_i to cnn_top_inst/u_cnn/PBI_Z9myprojectP8ac_fixedILi12ELi4ELb1EL9ac_q_mode0EL9ac_o_mode0EES3_i0/Datapath_i/reg_1035/SLICE_5502:

   Name    Fanout   Delay (ns)          Site               Resource
ROUTE       999     0.911      E17.PADDI to    R52C55A.CLK clk_i_c
                  --------
                    0.911   (0.0% logic, 100.0% route), 0 logic levels.

      Destination Clock Path clk_i to cnn_top_inst/u_cnn/PBI_Z9myprojectP8ac_fixedILi12ELi4ELb1EL9ac_q_mode0EL9ac_o_mode0EES3_i0/Datapath_i/reg_1052/SLICE_5510:

   Name    Fanout   Delay (ns)          Site               Resource
ROUTE       999     0.911      E17.PADDI to    R52C55C.CLK clk_i_c
                  --------
                    0.911   (0.0% logic, 100.0% route), 0 logic levels.


Passed: The following path meets requirements by 0.176ns

 Logical Details:  Cell type  Pin type       Cell/ASIC name  (clock net +/-)

   Source:         FF         Q              frame_done_toggle_sync_clk_i[1]  (from clk_i_c +)
   Destination:    FF         Data in        frame_done_toggle_sync_clk_i[2]  (to clk_i_c +)

   Delay:               0.294ns  (55.4% logic, 44.6% route), 1 logic levels.

 Constraint Details:

      0.294ns physical path delay SLICE_7518 to SLICE_7519 meets
      0.118ns M_HLD and
      0.000ns delay constraint less
      0.000ns skew requirement (totaling 0.118ns) by 0.176ns

 Physical Path Details:

      Data path SLICE_7518 to SLICE_7519:

   Name    Fanout   Delay (ns)          Site               Resource
REG_DEL     ---     0.163    R57C91D.CLK to     R57C91D.Q1 SLICE_7518 (from clk_i_c)
ROUTE         3     0.131     R57C91D.Q1 to     R57C91A.M0 frame_done_toggle_sync_clk_i[1] (to clk_i_c)
                  --------
                    0.294   (55.4% logic, 44.6% route), 1 logic levels.

 Clock Skew Details: 

      Source Clock Path clk_i to SLICE_7518:

   Name    Fanout   Delay (ns)          Site               Resource
ROUTE       999     0.911      E17.PADDI to    R57C91D.CLK clk_i_c
                  --------
                    0.911   (0.0% logic, 100.0% route), 0 logic levels.

      Destination Clock Path clk_i to SLICE_7519:

   Name    Fanout   Delay (ns)          Site               Resource
ROUTE       999     0.911      E17.PADDI to    R57C91A.CLK clk_i_c
                  --------
                    0.911   (0.0% logic, 100.0% route), 0 logic levels.


Passed: The following path meets requirements by 0.176ns

 Logical Details:  Cell type  Pin type       Cell/ASIC name  (clock net +/-)

   Source:         FF         Q              hdmi_i2c_top_inst/hdmi_i2c_ctrl_inst/step_cnt[8]  (from clk_i_c +)
   Destination:    FF         Data in        hdmi_i2c_top_inst/hdmi_i2c_ctrl_inst/step_cnt[8]  (to clk_i_c +)

   Delay:               0.294ns  (55.4% logic, 44.6% route), 1 logic levels.

 Constraint Details:

      0.294ns physical path delay hdmi_i2c_top_inst/hdmi_i2c_ctrl_inst/SLICE_7568 to hdmi_i2c_top_inst/hdmi_i2c_ctrl_inst/SLICE_7568 meets
      0.118ns M_HLD and
      0.000ns delay constraint less
      0.000ns skew requirement (totaling 0.118ns) by 0.176ns

 Physical Path Details:

      Data path hdmi_i2c_top_inst/hdmi_i2c_ctrl_inst/SLICE_7568 to hdmi_i2c_top_inst/hdmi_i2c_ctrl_inst/SLICE_7568:

   Name    Fanout   Delay (ns)          Site               Resource
REG_DEL     ---     0.163    R51C95C.CLK to     R51C95C.Q1 hdmi_i2c_top_inst/hdmi_i2c_ctrl_inst/SLICE_7568 (from clk_i_c)
ROUTE         2     0.131     R51C95C.Q1 to     R51C95C.M1 hdmi_i2c_top_inst/hdmi_i2c_ctrl_inst/step_cnt[8] (to clk_i_c)
                  --------
                    0.294   (55.4% logic, 44.6% route), 1 logic levels.

 Clock Skew Details: 

      Source Clock Path clk_i to hdmi_i2c_top_inst/hdmi_i2c_ctrl_inst/SLICE_7568:

   Name    Fanout   Delay (ns)          Site               Resource
ROUTE       999     0.911      E17.PADDI to    R51C95C.CLK clk_i_c
                  --------
                    0.911   (0.0% logic, 100.0% route), 0 logic levels.

      Destination Clock Path clk_i to hdmi_i2c_top_inst/hdmi_i2c_ctrl_inst/SLICE_7568:

   Name    Fanout   Delay (ns)          Site               Resource
ROUTE       999     0.911      E17.PADDI to    R51C95C.CLK clk_i_c
                  --------
                    0.911   (0.0% logic, 100.0% route), 0 logic levels.


Passed: The following path meets requirements by 0.176ns

 Logical Details:  Cell type  Pin type       Cell/ASIC name  (clock net +/-)

   Source:         FF         Q              i2c_inst/i2c_ctrl_inst2/step_cnt[11]  (from clk_i_c +)
   Destination:    FF         Data in        i2c_inst/i2c_ctrl_inst2/step_cnt[11]  (to clk_i_c +)

   Delay:               0.294ns  (55.4% logic, 44.6% route), 1 logic levels.

 Constraint Details:

      0.294ns physical path delay i2c_inst/i2c_ctrl_inst2/SLICE_7625 to i2c_inst/i2c_ctrl_inst2/SLICE_7625 meets
      0.118ns M_HLD and
      0.000ns delay constraint less
      0.000ns skew requirement (totaling 0.118ns) by 0.176ns

 Physical Path Details:

      Data path i2c_inst/i2c_ctrl_inst2/SLICE_7625 to i2c_inst/i2c_ctrl_inst2/SLICE_7625:

   Name    Fanout   Delay (ns)          Site               Resource
REG_DEL     ---     0.163   R60C105D.CLK to    R60C105D.Q1 i2c_inst/i2c_ctrl_inst2/SLICE_7625 (from clk_i_c)
ROUTE         2     0.131    R60C105D.Q1 to    R60C105D.M1 i2c_inst/i2c_ctrl_inst2/step_cnt[11] (to clk_i_c)
                  --------
                    0.294   (55.4% logic, 44.6% route), 1 logic levels.

 Clock Skew Details: 

      Source Clock Path clk_i to i2c_inst/i2c_ctrl_inst2/SLICE_7625:

   Name    Fanout   Delay (ns)          Site               Resource
ROUTE       999     0.911      E17.PADDI to   R60C105D.CLK clk_i_c
                  --------
                    0.911   (0.0% logic, 100.0% route), 0 logic levels.

      Destination Clock Path clk_i to i2c_inst/i2c_ctrl_inst2/SLICE_7625:

   Name    Fanout   Delay (ns)          Site               Resource
ROUTE       999     0.911      E17.PADDI to   R60C105D.CLK clk_i_c
                  --------
                    0.911   (0.0% logic, 100.0% route), 0 logic levels.


Passed: The following path meets requirements by 0.176ns

 Logical Details:  Cell type  Pin type       Cell/ASIC name  (clock net +/-)

   Source:         FF         Q              cnn_top_inst/u_cnn/PBI_Z9myprojectP8ac_fixedILi12ELi4ELb1EL9ac_q_mode0EL9ac_o_mode0EES3_i0/Datapath_i/reg_854/reg_out1[2]  (from clk_i_c +)
   Destination:    FF         Data in        cnn_top_inst/u_cnn/PBI_Z9myprojectP8ac_fixedILi12ELi4ELb1EL9ac_q_mode0EL9ac_o_mode0EES3_i0/Datapath_i/reg_886/reg_out1[2]  (to clk_i_c +)

   Delay:               0.294ns  (55.4% logic, 44.6% route), 1 logic levels.

 Constraint Details:

      0.294ns physical path delay cnn_top_inst/u_cnn/PBI_Z9myprojectP8ac_fixedILi12ELi4ELb1EL9ac_q_mode0EL9ac_o_mode0EES3_i0/Datapath_i/SLICE_6936 to cnn_top_inst/u_cnn/PBI_Z9myprojectP8ac_fixedILi12ELi4ELb1EL9ac_q_mode0EL9ac_o_mode0EES3_i0/Datapath_i/reg_886/SLICE_7021 meets
      0.118ns M_HLD and
      0.000ns delay constraint less
      0.000ns skew requirement (totaling 0.118ns) by 0.176ns

 Physical Path Details:

      Data path cnn_top_inst/u_cnn/PBI_Z9myprojectP8ac_fixedILi12ELi4ELb1EL9ac_q_mode0EL9ac_o_mode0EES3_i0/Datapath_i/SLICE_6936 to cnn_top_inst/u_cnn/PBI_Z9myprojectP8ac_fixedILi12ELi4ELb1EL9ac_q_mode0EL9ac_o_mode0EES3_i0/Datapath_i/reg_886/SLICE_7021:

   Name    Fanout   Delay (ns)          Site               Resource
REG_DEL     ---     0.163    R29C66B.CLK to     R29C66B.Q1 cnn_top_inst/u_cnn/PBI_Z9myprojectP8ac_fixedILi12ELi4ELb1EL9ac_q_mode0EL9ac_o_mode0EES3_i0/Datapath_i/SLICE_6936 (from clk_i_c)
ROUTE         2     0.131     R29C66B.Q1 to     R29C66D.M1 cnn_top_inst/u_cnn/PBI_Z9myprojectP8ac_fixedILi12ELi4ELb1EL9ac_q_mode0EL9ac_o_mode0EES3_i0/Datapath_i/out_reg_854_reg_854[2] (to clk_i_c)
                  --------
                    0.294   (55.4% logic, 44.6% route), 1 logic levels.

 Clock Skew Details: 

      Source Clock Path clk_i to cnn_top_inst/u_cnn/PBI_Z9myprojectP8ac_fixedILi12ELi4ELb1EL9ac_q_mode0EL9ac_o_mode0EES3_i0/Datapath_i/SLICE_6936:

   Name    Fanout   Delay (ns)          Site               Resource
ROUTE       999     0.911      E17.PADDI to    R29C66B.CLK clk_i_c
                  --------
                    0.911   (0.0% logic, 100.0% route), 0 logic levels.

      Destination Clock Path clk_i to cnn_top_inst/u_cnn/PBI_Z9myprojectP8ac_fixedILi12ELi4ELb1EL9ac_q_mode0EL9ac_o_mode0EES3_i0/Datapath_i/reg_886/SLICE_7021:

   Name    Fanout   Delay (ns)          Site               Resource
ROUTE       999     0.911      E17.PADDI to    R29C66D.CLK clk_i_c
                  --------
                    0.911   (0.0% logic, 100.0% route), 0 logic levels.


Passed: The following path meets requirements by 0.176ns

 Logical Details:  Cell type  Pin type       Cell/ASIC name  (clock net +/-)

   Source:         FF         Q              i2c_inst/i2c_ctrl_inst2/step_cnt[9]  (from clk_i_c +)
   Destination:    FF         Data in        i2c_inst/i2c_ctrl_inst2/step_cnt[9]  (to clk_i_c +)

   Delay:               0.294ns  (55.4% logic, 44.6% route), 1 logic levels.

 Constraint Details:

      0.294ns physical path delay i2c_inst/i2c_ctrl_inst2/SLICE_7624 to i2c_inst/i2c_ctrl_inst2/SLICE_7624 meets
      0.118ns M_HLD and
      0.000ns delay constraint less
      0.000ns skew requirement (totaling 0.118ns) by 0.176ns

 Physical Path Details:

      Data path i2c_inst/i2c_ctrl_inst2/SLICE_7624 to i2c_inst/i2c_ctrl_inst2/SLICE_7624:

   Name    Fanout   Delay (ns)          Site               Resource
REG_DEL     ---     0.163   R57C107C.CLK to    R57C107C.Q1 i2c_inst/i2c_ctrl_inst2/SLICE_7624 (from clk_i_c)
ROUTE         2     0.131    R57C107C.Q1 to    R57C107C.M1 i2c_inst/i2c_ctrl_inst2/step_cnt[9] (to clk_i_c)
                  --------
                    0.294   (55.4% logic, 44.6% route), 1 logic levels.

 Clock Skew Details: 

      Source Clock Path clk_i to i2c_inst/i2c_ctrl_inst2/SLICE_7624:

   Name    Fanout   Delay (ns)          Site               Resource
ROUTE       999     0.911      E17.PADDI to   R57C107C.CLK clk_i_c
                  --------
                    0.911   (0.0% logic, 100.0% route), 0 logic levels.

      Destination Clock Path clk_i to i2c_inst/i2c_ctrl_inst2/SLICE_7624:

   Name    Fanout   Delay (ns)          Site               Resource
ROUTE       999     0.911      E17.PADDI to   R57C107C.CLK clk_i_c
                  --------
                    0.911   (0.0% logic, 100.0% route), 0 logic levels.


Passed: The following path meets requirements by 0.176ns

 Logical Details:  Cell type  Pin type       Cell/ASIC name  (clock net +/-)

   Source:         FF         Q              i2c_inst/i2c_ctrl_inst/step_cnt[7]  (from clk_i_c +)
   Destination:    FF         Data in        i2c_inst/i2c_ctrl_inst/step_cnt[7]  (to clk_i_c +)

   Delay:               0.294ns  (55.4% logic, 44.6% route), 1 logic levels.

 Constraint Details:

      0.294ns physical path delay i2c_inst/i2c_ctrl_inst/SLICE_7619 to i2c_inst/i2c_ctrl_inst/SLICE_7619 meets
      0.118ns M_HLD and
      0.000ns delay constraint less
      0.000ns skew requirement (totaling 0.118ns) by 0.176ns

 Physical Path Details:

      Data path i2c_inst/i2c_ctrl_inst/SLICE_7619 to i2c_inst/i2c_ctrl_inst/SLICE_7619:

   Name    Fanout   Delay (ns)          Site               Resource
REG_DEL     ---     0.163   R52C102A.CLK to    R52C102A.Q1 i2c_inst/i2c_ctrl_inst/SLICE_7619 (from clk_i_c)
ROUTE         3     0.131    R52C102A.Q1 to    R52C102A.M1 i2c_inst/i2c_ctrl_inst/step_cnt[7] (to clk_i_c)
                  --------
                    0.294   (55.4% logic, 44.6% route), 1 logic levels.

 Clock Skew Details: 

      Source Clock Path clk_i to i2c_inst/i2c_ctrl_inst/SLICE_7619:

   Name    Fanout   Delay (ns)          Site               Resource
ROUTE       999     0.911      E17.PADDI to   R52C102A.CLK clk_i_c
                  --------
                    0.911   (0.0% logic, 100.0% route), 0 logic levels.

      Destination Clock Path clk_i to i2c_inst/i2c_ctrl_inst/SLICE_7619:

   Name    Fanout   Delay (ns)          Site               Resource
ROUTE       999     0.911      E17.PADDI to   R52C102A.CLK clk_i_c
                  --------
                    0.911   (0.0% logic, 100.0% route), 0 logic levels.


Passed: The following path meets requirements by 0.176ns

 Logical Details:  Cell type  Pin type       Cell/ASIC name  (clock net +/-)

   Source:         FF         Q              i2c_inst/i2c_ctrl_inst/step_cnt[9]  (from clk_i_c +)
   Destination:    FF         Data in        i2c_inst/i2c_ctrl_inst/step_cnt[9]  (to clk_i_c +)

   Delay:               0.294ns  (55.4% logic, 44.6% route), 1 logic levels.

 Constraint Details:

      0.294ns physical path delay i2c_inst/i2c_ctrl_inst/SLICE_7620 to i2c_inst/i2c_ctrl_inst/SLICE_7620 meets
      0.118ns M_HLD and
      0.000ns delay constraint less
      0.000ns skew requirement (totaling 0.118ns) by 0.176ns

 Physical Path Details:

      Data path i2c_inst/i2c_ctrl_inst/SLICE_7620 to i2c_inst/i2c_ctrl_inst/SLICE_7620:

   Name    Fanout   Delay (ns)          Site               Resource
REG_DEL     ---     0.163   R53C101D.CLK to    R53C101D.Q1 i2c_inst/i2c_ctrl_inst/SLICE_7620 (from clk_i_c)
ROUTE         2     0.131    R53C101D.Q1 to    R53C101D.M1 i2c_inst/i2c_ctrl_inst/step_cnt[9] (to clk_i_c)
                  --------
                    0.294   (55.4% logic, 44.6% route), 1 logic levels.

 Clock Skew Details: 

      Source Clock Path clk_i to i2c_inst/i2c_ctrl_inst/SLICE_7620:

   Name    Fanout   Delay (ns)          Site               Resource
ROUTE       999     0.911      E17.PADDI to   R53C101D.CLK clk_i_c
                  --------
                    0.911   (0.0% logic, 100.0% route), 0 logic levels.

      Destination Clock Path clk_i to i2c_inst/i2c_ctrl_inst/SLICE_7620:

   Name    Fanout   Delay (ns)          Site               Resource
ROUTE       999     0.911      E17.PADDI to   R53C101D.CLK clk_i_c
                  --------
                    0.911   (0.0% logic, 100.0% route), 0 logic levels.


Passed: The following path meets requirements by 0.177ns

 Logical Details:  Cell type  Pin type       Cell/ASIC name  (clock net +/-)

   Source:         FF         Q              cnn_top_inst/u_cnn/PBI_Z9myprojectP8ac_fixedILi12ELi4ELb1EL9ac_q_mode0EL9ac_o_mode0EES3_i0/Datapath_i/reg_854/reg_out1[1]  (from clk_i_c +)
   Destination:    FF         Data in        cnn_top_inst/u_cnn/PBI_Z9myprojectP8ac_fixedILi12ELi4ELb1EL9ac_q_mode0EL9ac_o_mode0EES3_i0/Datapath_i/reg_886/reg_out1[1]  (to clk_i_c +)

   Delay:               0.295ns  (55.6% logic, 44.4% route), 1 logic levels.

 Constraint Details:

      0.295ns physical path delay cnn_top_inst/u_cnn/PBI_Z9myprojectP8ac_fixedILi12ELi4ELb1EL9ac_q_mode0EL9ac_o_mode0EES3_i0/Datapath_i/SLICE_6936 to cnn_top_inst/u_cnn/PBI_Z9myprojectP8ac_fixedILi12ELi4ELb1EL9ac_q_mode0EL9ac_o_mode0EES3_i0/Datapath_i/reg_886/SLICE_7021 meets
      0.118ns M_HLD and
      0.000ns delay constraint less
      0.000ns skew requirement (totaling 0.118ns) by 0.177ns

 Physical Path Details:

      Data path cnn_top_inst/u_cnn/PBI_Z9myprojectP8ac_fixedILi12ELi4ELb1EL9ac_q_mode0EL9ac_o_mode0EES3_i0/Datapath_i/SLICE_6936 to cnn_top_inst/u_cnn/PBI_Z9myprojectP8ac_fixedILi12ELi4ELb1EL9ac_q_mode0EL9ac_o_mode0EES3_i0/Datapath_i/reg_886/SLICE_7021:

   Name    Fanout   Delay (ns)          Site               Resource
REG_DEL     ---     0.164    R29C66B.CLK to     R29C66B.Q0 cnn_top_inst/u_cnn/PBI_Z9myprojectP8ac_fixedILi12ELi4ELb1EL9ac_q_mode0EL9ac_o_mode0EES3_i0/Datapath_i/SLICE_6936 (from clk_i_c)
ROUTE         2     0.131     R29C66B.Q0 to     R29C66D.M0 cnn_top_inst/u_cnn/PBI_Z9myprojectP8ac_fixedILi12ELi4ELb1EL9ac_q_mode0EL9ac_o_mode0EES3_i0/Datapath_i/out_reg_854_reg_854[1] (to clk_i_c)
                  --------
                    0.295   (55.6% logic, 44.4% route), 1 logic levels.

 Clock Skew Details: 

      Source Clock Path clk_i to cnn_top_inst/u_cnn/PBI_Z9myprojectP8ac_fixedILi12ELi4ELb1EL9ac_q_mode0EL9ac_o_mode0EES3_i0/Datapath_i/SLICE_6936:

   Name    Fanout   Delay (ns)          Site               Resource
ROUTE       999     0.911      E17.PADDI to    R29C66B.CLK clk_i_c
                  --------
                    0.911   (0.0% logic, 100.0% route), 0 logic levels.

      Destination Clock Path clk_i to cnn_top_inst/u_cnn/PBI_Z9myprojectP8ac_fixedILi12ELi4ELb1EL9ac_q_mode0EL9ac_o_mode0EES3_i0/Datapath_i/reg_886/SLICE_7021:

   Name    Fanout   Delay (ns)          Site               Resource
ROUTE       999     0.911      E17.PADDI to    R29C66D.CLK clk_i_c
                  --------
                    0.911   (0.0% logic, 100.0% route), 0 logic levels.


================================================================================
Preference: CLOCK_TO_OUT PORT "scl" 8.500000 ns CLKNET "clk_i_c" ;
            1 item scored, 0 timing errors detected.
--------------------------------------------------------------------------------


Passed:  The following path meets requirements by 4.231ns

 Logical Details:  Cell type  Pin type       Cell/ASIC name  (clock net +/-)

   Source:         FF         Q              i2c_inst/i2c_core/scl_out  (from clk_i_c +)
   Destination:    Port       Pad            scl

   Data Path Delay:     3.433ns  (47.4% logic, 52.6% route), 2 logic levels.

   Clock Path Delay:    0.798ns  (0.0% logic, 100.0% route), 0 logic levels.

 Constraint Details:
      0.798ns delay clk_i to i2c_inst/i2c_core/SLICE_8085 and
      3.433ns delay i2c_inst/i2c_core/SLICE_8085 to scl (totaling 4.231ns) meets
      0.000ns hold offset clk_i to scl by 4.231ns

 Physical Path Details:

      Clock path clk_i to i2c_inst/i2c_core/SLICE_8085:

   Name    Fanout   Delay (ns)          Site               Resource
ROUTE       999     0.798      E17.PADDI to    R48C96A.CLK clk_i_c
                  --------
                    0.798   (0.0% logic, 100.0% route), 0 logic levels.

      Data path i2c_inst/i2c_core/SLICE_8085 to scl:

   Name    Fanout   Delay (ns)          Site               Resource
REG_DEL     ---     0.164    R48C96A.CLK to     R48C96A.Q0 i2c_inst/i2c_core/SLICE_8085 (from clk_i_c)
ROUTE         6     1.807     R48C96A.Q0 to      D15.PADDO scl_c
DOPAD_DEL   ---     1.462      D15.PADDO to        D15.PAD scl
                  --------
                    3.433   (47.4% logic, 52.6% route), 2 logic levels.

Report:    4.231ns is the maximum offset for this preference.


================================================================================
Preference: CLOCK_TO_OUT PORT "sda" 8.500000 ns CLKNET "clk_i_c" ;
            1 item scored, 0 timing errors detected.
--------------------------------------------------------------------------------


Passed:  The following path meets requirements by 4.312ns

 Logical Details:  Cell type  Pin type       Cell/ASIC name  (clock net +/-)

   Source:         FF         Q              i2c_inst/i2c_core/sda_out  (from clk_i_c +)
   Destination:    Port       Pad            sda

   Data Path Delay:     3.514ns  (46.3% logic, 53.7% route), 2 logic levels.

   Clock Path Delay:    0.798ns  (0.0% logic, 100.0% route), 0 logic levels.

 Constraint Details:
      0.798ns delay clk_i to i2c_inst/i2c_core/SLICE_8087 and
      3.514ns delay i2c_inst/i2c_core/SLICE_8087 to sda (totaling 4.312ns) meets
      0.000ns hold offset clk_i to sda by 4.312ns

 Physical Path Details:

      Clock path clk_i to i2c_inst/i2c_core/SLICE_8087:

   Name    Fanout   Delay (ns)          Site               Resource
ROUTE       999     0.798      E17.PADDI to    R48C97C.CLK clk_i_c
                  --------
                    0.798   (0.0% logic, 100.0% route), 0 logic levels.

      Data path i2c_inst/i2c_core/SLICE_8087 to sda:

   Name    Fanout   Delay (ns)          Site               Resource
REG_DEL     ---     0.164    R48C97C.CLK to     R48C97C.Q0 i2c_inst/i2c_core/SLICE_8087 (from clk_i_c)
ROUTE         3     1.888     R48C97C.Q0 to      F15.PADDO sda_c
DOPAD_DEL   ---     1.462      F15.PADDO to        F15.PAD sda
                  --------
                    3.514   (46.3% logic, 53.7% route), 2 logic levels.

Report:    4.312ns is the maximum offset for this preference.


================================================================================
Preference: CLOCK_TO_OUT PORT "scl2" 8.500000 ns CLKNET "clk_i_c" ;
            1 item scored, 0 timing errors detected.
--------------------------------------------------------------------------------


Passed:  The following path meets requirements by 4.431ns

 Logical Details:  Cell type  Pin type       Cell/ASIC name  (clock net +/-)

   Source:         FF         Q              i2c_inst/i2c_core2/scl_out  (from clk_i_c +)
   Destination:    Port       Pad            scl2

   Data Path Delay:     3.633ns  (44.8% logic, 55.2% route), 2 logic levels.

   Clock Path Delay:    0.798ns  (0.0% logic, 100.0% route), 0 logic levels.

 Constraint Details:
      0.798ns delay clk_i to i2c_inst/i2c_core2/SLICE_8084 and
      3.633ns delay i2c_inst/i2c_core2/SLICE_8084 to scl2 (totaling 4.431ns) meets
      0.000ns hold offset clk_i to scl2 by 4.431ns

 Physical Path Details:

      Clock path clk_i to i2c_inst/i2c_core2/SLICE_8084:

   Name    Fanout   Delay (ns)          Site               Resource
ROUTE       999     0.798      E17.PADDI to    R52C99C.CLK clk_i_c
                  --------
                    0.798   (0.0% logic, 100.0% route), 0 logic levels.

      Data path i2c_inst/i2c_core2/SLICE_8084 to scl2:

   Name    Fanout   Delay (ns)          Site               Resource
REG_DEL     ---     0.164    R52C99C.CLK to     R52C99C.Q0 i2c_inst/i2c_core2/SLICE_8084 (from clk_i_c)
ROUTE         6     2.007     R52C99C.Q0 to      A14.PADDO scl2_c
DOPAD_DEL   ---     1.462      A14.PADDO to        A14.PAD scl2
                  --------
                    3.633   (44.8% logic, 55.2% route), 2 logic levels.

Report:    4.431ns is the maximum offset for this preference.


================================================================================
Preference: CLOCK_TO_OUT PORT "sda2" 8.500000 ns CLKNET "clk_i_c" ;
            1 item scored, 0 timing errors detected.
--------------------------------------------------------------------------------


Passed:  The following path meets requirements by 4.416ns

 Logical Details:  Cell type  Pin type       Cell/ASIC name  (clock net +/-)

   Source:         FF         Q              i2c_inst/i2c_core2/sda_out  (from clk_i_c +)
   Destination:    Port       Pad            sda2

   Data Path Delay:     3.618ns  (44.9% logic, 55.1% route), 2 logic levels.

   Clock Path Delay:    0.798ns  (0.0% logic, 100.0% route), 0 logic levels.

 Constraint Details:
      0.798ns delay clk_i to i2c_inst/i2c_core2/SLICE_8086 and
      3.618ns delay i2c_inst/i2c_core2/SLICE_8086 to sda2 (totaling 4.416ns) meets
      0.000ns hold offset clk_i to sda2 by 4.416ns

 Physical Path Details:

      Clock path clk_i to i2c_inst/i2c_core2/SLICE_8086:

   Name    Fanout   Delay (ns)          Site               Resource
ROUTE       999     0.798      E17.PADDI to    R52C97B.CLK clk_i_c
                  --------
                    0.798   (0.0% logic, 100.0% route), 0 logic levels.

      Data path i2c_inst/i2c_core2/SLICE_8086 to sda2:

   Name    Fanout   Delay (ns)          Site               Resource
REG_DEL     ---     0.164    R52C97B.CLK to     R52C97B.Q0 i2c_inst/i2c_core2/SLICE_8086 (from clk_i_c)
ROUTE         3     1.992     R52C97B.Q0 to      B14.PADDO sda2_c
DOPAD_DEL   ---     1.462      B14.PADDO to        B14.PAD sda2
                  --------
                    3.618   (44.9% logic, 55.1% route), 2 logic levels.

Report:    4.416ns is the maximum offset for this preference.

Report Summary
--------------
----------------------------------------------------------------------------
Preference(MIN Delays)                  |   Constraint|       Actual|Levels
----------------------------------------------------------------------------
                                        |             |             |
FREQUENCY PORT "CSI2_sens_clk"          |             |             |
148.500000 MHz ;                        |            -|            -|   2  
                                        |             |             |
FREQUENCY PORT "clk_i" 27.000000 MHz ;  |            -|            -|   1  
                                        |             |             |
CLOCK_TO_OUT PORT "scl" 8.500000 ns     |             |             |
CLKNET "clk_i_c" ;                      |     0.000 ns|     4.231 ns|   2  
                                        |             |             |
CLOCK_TO_OUT PORT "sda" 8.500000 ns     |             |             |
CLKNET "clk_i_c" ;                      |     0.000 ns|     4.312 ns|   2  
                                        |             |             |
CLOCK_TO_OUT PORT "scl2" 8.500000 ns    |             |             |
CLKNET "clk_i_c" ;                      |     0.000 ns|     4.431 ns|   2  
                                        |             |             |
CLOCK_TO_OUT PORT "sda2" 8.500000 ns    |             |             |
CLKNET "clk_i_c" ;                      |     0.000 ns|     4.416 ns|   2  
                                        |             |             |
----------------------------------------------------------------------------


All preferences were met.


Clock Domains Analysis
------------------------

Found 4 clocks:

Clock Domain: sa5pht/rdcnt[9]   Source: sa5pht/SLICE_8081.Q0   Loads: 24
   No transfer within this clock domain is found

Clock Domain: sa5pht/lclk   Source: sa5pht/SLICE_14700.F0   Loads: 8
   No transfer within this clock domain is found

Clock Domain: clk_i_c   Source: clk_i.PAD   Loads: 6497
   Covered under: FREQUENCY PORT "clk_i" 27.000000 MHz ;

   Data transfers from:
   Clock Domain: CSI2_sens_clk_c   Source: CSI2_sens_clk.PAD
      Not reported because source and destination domains are unrelated.
      To report these transfers please refer to preference CLKSKEWDIFF to define
      external clock skew between clock ports.

Clock Domain: CSI2_sens_clk_c   Source: CSI2_sens_clk.PAD   Loads: 723
   Covered under: FREQUENCY PORT "CSI2_sens_clk" 148.500000 MHz ;

   Data transfers from:
   Clock Domain: clk_i_c   Source: clk_i.PAD
      Not reported because source and destination domains are unrelated.
      To report these transfers please refer to preference CLKSKEWDIFF to define
      external clock skew between clock ports.


Timing summary (Hold):
---------------

Timing errors: 0  Score: 0
Cumulative negative slack: 0

Constraints cover 572975167 paths, 2 nets, and 105519 connections (99.22% coverage)



Timing summary (Setup and Hold):
---------------

Timing errors: 4 (setup), 0 (hold)
Score: 1360 (setup), 0 (hold)
Cumulative negative slack: 1360 (1360+0)
--------------------------------------------------------------------------------

--------------------------------------------------------------------------------

